split,depth,k,atomic_control,composition,delta,delta_ci95_low,delta_ci95_high,sign_flip_p
capacity_d3_train,3,1,0.017777777777777778,0.13333333333333333,0.11555555555555556,0.09471685729096965,0.13639425382014148,
capacity_d3_train,3,2,0.03222222222222222,0.22444444444444445,0.1922222222222222,0.11352155192706773,0.27092289251737667,
capacity_d3_train,3,3,0.042222222222222223,0.28555555555555556,0.24333333333333332,0.12079372987406631,0.36587293679260036,
capacity_d3_train,3,4,0.06333333333333334,0.3466666666666667,0.2833333333333333,0.22537012005915896,0.3412965466075077,
capacity_d3_train,3,5,0.07444444444444444,0.42,0.34555555555555556,0.2999503432334262,0.39116076787768495,
capacity_d3_train,3,6,0.09222222222222222,0.47333333333333333,0.3811111111111111,0.33861909558643677,0.4236031266357855,
capacity_d3_train,3,7,0.11666666666666665,0.5144444444444445,0.3977777777777778,0.3552857622531035,0.4402697933024521,
capacity_d3_train,3,8,0.13444444444444445,0.5577777777777778,0.42333333333333334,0.36903473223098987,0.4776319344356768,
capacity_d3_train,3,9,0.14666666666666667,0.5866666666666667,0.44,0.3459520641108257,0.5340479358891743,
capacity_d3_train,3,10,0.16111111111111112,0.6155555555555555,0.45444444444444443,0.36513312626869854,0.5437557626201903,
capacity_d3_train,3,11,0.17333333333333334,0.6355555555555555,0.46222222222222226,0.3870872271153353,0.5373572173291092,
capacity_d3_train,3,12,0.1811111111111111,0.6655555555555556,0.48444444444444446,0.4075059527948854,0.5613829360940035,
capacity_d3_train,3,13,0.19555555555555557,0.6922222222222222,0.49666666666666665,0.4011717544848568,0.5921615788484765,
capacity_d3_train,3,14,0.21444444444444444,0.7111111111111111,0.49666666666666665,0.3746878881346789,0.6186454451986544,
capacity_d3_train,3,15,0.22666666666666668,0.7311111111111112,0.5044444444444444,0.3951131146965136,0.6137757741923751,
capacity_d3_train,3,16,0.2477777777777778,0.7477777777777778,0.5,0.3840735734516513,0.6159264265483487,
capacity_d3_train,3,17,0.25666666666666665,0.7655555555555557,0.5088888888888888,0.37998649250462624,0.6377912852731514,
capacity_d3_train,3,18,0.27111111111111114,0.7833333333333333,0.5122222222222222,0.4028908924742914,0.621553551970153,
capacity_d3_train,3,19,0.28444444444444444,0.7944444444444444,0.51,0.37168906576154404,0.648310934238456,
capacity_d3_train,3,20,0.2988888888888889,0.7999999999999999,0.5011111111111112,0.35015824441244353,0.6520639778097788,
capacity_d3_train,3,21,0.30888888888888894,0.8233333333333333,0.5144444444444445,0.31913558035989553,0.7097533085289934,
capacity_d3_train,3,22,0.3233333333333333,0.831111111111111,0.5077777777777778,0.3214521158440815,0.694103439711474,
capacity_d3_train,3,23,0.33666666666666667,0.8422222222222223,0.5055555555555555,0.2807089439871877,0.7304021671239234,
capacity_d3_train,3,24,0.3522222222222222,0.8566666666666666,0.5044444444444445,0.2890994361022101,0.7197894527866788,
capacity_d3_train,3,25,0.3622222222222222,0.8633333333333333,0.5011111111111112,0.2856069612211002,0.7166152610011222,
capacity_d3_train,3,26,0.3733333333333333,0.8722222222222222,0.4988888888888889,0.27913147565534535,0.7186463021224324,
capacity_d3_train,3,27,0.38666666666666666,0.8777777777777778,0.4911111111111111,0.267487608950489,0.7147346132717332,
capacity_d3_train,3,28,0.39666666666666667,0.8866666666666667,0.49,0.274708064981638,0.705291935018362,
capacity_d3_train,3,29,0.4066666666666667,0.8933333333333334,0.48666666666666664,0.28741879315300767,0.6859145401803256,
capacity_d3_train,3,30,0.4166666666666667,0.9022222222222221,0.4855555555555555,0.28590660755562197,0.685204503555489,
capacity_d3_train,3,31,0.4255555555555555,0.9066666666666666,0.4811111111111111,0.2861536275763719,0.6760685946458502,
capacity_d3_train,3,32,0.4344444444444444,0.9155555555555556,0.4811111111111111,0.2865056425795215,0.6757165796427007,0.25
capacity_d3_train,3,33,0.4488888888888889,0.9233333333333333,0.47444444444444445,0.3250898129419351,0.6237990759469538,
capacity_d3_train,3,34,0.4588888888888889,0.9244444444444445,0.46555555555555556,0.3284062214179657,0.6027048896931454,
capacity_d3_train,3,35,0.47,0.9288888888888889,0.4588888888888889,0.34707713780857785,0.5707006399692,
capacity_d3_train,3,36,0.4766666666666666,0.9322222222222223,0.45555555555555555,0.3227236398797828,0.5883874712313283,
capacity_d3_train,3,37,0.49111111111111105,0.9355555555555556,0.4444444444444444,0.31161252876867174,0.5772763601202171,
capacity_d3_train,3,38,0.5,0.9366666666666666,0.4366666666666667,0.30811937397740086,0.5652139593559325,
capacity_d3_train,3,39,0.5088888888888888,0.9388888888888888,0.43,0.29673862340524987,0.5632613765947501,
capacity_d3_train,3,40,0.5133333333333333,0.9455555555555556,0.43222222222222223,0.30120941441779325,0.5632350300266512,
capacity_d3_train,3,41,0.5222222222222223,0.9522222222222222,0.43,0.29168906576154396,0.568310934238456,
capacity_d3_train,3,42,0.5377777777777778,0.9577777777777777,0.42,0.26530825922865825,0.5746917407713417,
capacity_d3_train,3,43,0.5533333333333333,0.9644444444444445,0.41111111111111115,0.3075777752706065,0.5146444469516158,
capacity_d3_train,3,44,0.5633333333333334,0.9666666666666667,0.4033333333333333,0.3078384211515235,0.49882824551514315,
capacity_d3_train,3,45,0.5733333333333334,0.9677777777777777,0.39444444444444443,0.3148773186404713,0.47401157024841756,
capacity_d3_train,3,46,0.5811111111111111,0.9677777777777777,0.3866666666666667,0.30767612183477244,0.465657211498561,
capacity_d3_train,3,47,0.5933333333333334,0.9722222222222223,0.3788888888888889,0.32829444844093214,0.42948332933684563,
capacity_d3_train,3,48,0.6033333333333334,0.9722222222222223,0.3688888888888889,0.31897665188890545,0.4188011258888723,
capacity_d3_train,3,49,0.61,0.9744444444444444,0.3644444444444444,0.318839232122315,0.4100496567665738,
capacity_d3_train,3,50,0.6211111111111111,0.9766666666666667,0.35555555555555557,0.3138781590263837,0.3972329520847274,
capacity_d3_train,3,51,0.6288888888888889,0.9766666666666667,0.3477777777777778,0.3133034776941627,0.38225207786139287,
capacity_d3_train,3,52,0.6355555555555555,0.9777777777777779,0.34222222222222226,0.308757145435282,0.37568729900916253,
capacity_d3_train,3,53,0.6477777777777778,0.9788888888888888,0.3311111111111111,0.30449315940629734,0.3577290628159248,
capacity_d3_train,3,54,0.6588888888888889,0.9822222222222222,0.3233333333333333,0.28538750299736565,0.36127916366930096,
capacity_d3_train,3,55,0.6666666666666666,0.9833333333333334,0.31666666666666665,0.28354483050999557,0.34978850282333773,
capacity_d3_train,3,56,0.6755555555555555,0.9844444444444443,0.3088888888888889,0.2835916686649105,0.3341861091128673,
capacity_d3_train,3,57,0.6811111111111111,0.9844444444444443,0.30333333333333334,0.27849195621583,0.3281747104508367,
capacity_d3_train,3,58,0.6844444444444444,0.9866666666666667,0.3022222222222222,0.28138352395763633,0.3230609204868081,
capacity_d3_train,3,59,0.6944444444444443,0.9866666666666667,0.2922222222222222,0.2713835239576363,0.3130609204868081,
capacity_d3_train,3,60,0.7033333333333333,0.9866666666666667,0.2833333333333334,0.2689911575675018,0.29767550909916496,
capacity_d3_train,3,61,0.7055555555555556,0.9866666666666667,0.28111111111111114,0.26846250099912194,0.29375972122310035,
capacity_d3_train,3,62,0.7133333333333333,0.9866666666666667,0.2733333333333334,0.2402114971766623,0.30645516949000445,
capacity_d3_train,3,63,0.7200000000000001,0.9866666666666667,0.26666666666666666,0.23681104701656794,0.29652228631676536,
capacity_d3_train,3,64,0.7277777777777777,0.9877777777777778,0.26,0.22390631584213982,0.2960936841578602,
capacity_d3_train,3,65,0.7322222222222222,0.9877777777777778,0.25555555555555554,0.21730975351333812,0.2938013575977729,
capacity_d3_train,3,66,0.7411111111111112,0.9888888888888889,0.2477777777777778,0.22115982607296403,0.27439572948259155,
capacity_d3_train,3,67,0.7533333333333333,0.9888888888888889,0.23555555555555555,0.2147168572909696,0.25639425382014147,
capacity_d3_train,3,68,0.7599999999999999,0.9911111111111112,0.23111111111111113,0.2138739610693036,0.24834826115291866,
capacity_d3_train,3,69,0.7688888888888888,0.9922222222222222,0.22333333333333336,0.2014252979742386,0.2452413686924281,
capacity_d3_train,3,70,0.7766666666666667,0.9922222222222222,0.21555555555555558,0.17306354003088129,0.2580475710802299,
capacity_d3_train,3,71,0.7799999999999999,0.9922222222222222,0.21222222222222223,0.16973020669754796,0.2547142377468965,
capacity_d3_train,3,72,0.7866666666666666,0.9933333333333333,0.20666666666666667,0.1569839124316601,0.25634942090167323,
capacity_d3_train,3,73,0.7922222222222223,0.9955555555555554,0.20333333333333334,0.14537012005915897,0.2612965466075077,
capacity_d3_train,3,74,0.7955555555555556,0.9955555555555554,0.19999999999999998,0.15031724576499336,0.2496827542350066,
capacity_d3_train,3,75,0.8011111111111111,0.9966666666666667,0.19555555555555557,0.15821689767992822,0.2328942134311829,
capacity_d3_train,3,76,0.8044444444444444,0.9977777777777778,0.19333333333333336,0.14951726261514384,0.23714940405152288,
capacity_d3_train,3,77,0.8122222222222222,0.9977777777777778,0.18555555555555556,0.14470902106913322,0.2264020900419779,
capacity_d3_train,3,78,0.818888888888889,0.9977777777777778,0.17888888888888888,0.13108163633611708,0.22669614144166067,
capacity_d3_train,3,79,0.8288888888888888,0.9977777777777778,0.16888888888888887,0.13441458880527377,0.20336318897250397,
capacity_d3_train,3,80,0.831111111111111,0.9977777777777778,0.16666666666666666,0.13798231513500356,0.19535101819832976,
capacity_d3_train,3,81,0.8377777777777777,0.9977777777777778,0.16,0.13809196464090526,0.18190803535909475,
capacity_d3_train,3,82,0.8477777777777779,0.9977777777777778,0.15,0.11390631584213978,0.1860936841578602,
capacity_d3_train,3,83,0.8511111111111113,0.9977777777777778,0.14666666666666667,0.116811047016568,0.17652228631676534,
capacity_d3_train,3,84,0.8577777777777778,0.9977777777777778,0.13999999999999999,0.08963193402288111,0.19036806597711886,
capacity_d3_train,3,85,0.8666666666666667,0.9977777777777778,0.1311111111111111,0.07597709785670351,0.18624512436551868,
capacity_d3_train,3,86,0.8688888888888888,0.9977777777777778,0.1288888888888889,0.0782944484409321,0.1794833293368457,
capacity_d3_train,3,87,0.8722222222222222,0.9977777777777778,0.12555555555555556,0.06680902009231993,0.1843020910187912,
capacity_d3_train,3,88,0.8733333333333334,0.9977777777777778,0.12444444444444445,0.06628441154354361,0.1826044773453453,
capacity_d3_train,3,89,0.8744444444444445,0.9977777777777778,0.12333333333333334,0.06537012005915897,0.1812965466075077,
capacity_d3_train,3,90,0.8755555555555556,0.9977777777777778,0.12222222222222223,0.06834618474971946,0.176098259694725,
capacity_d3_train,3,91,0.8777777777777778,0.9977777777777778,0.12,0.06203678672582562,0.17796321327417436,
capacity_d3_train,3,92,0.8833333333333333,0.9988888888888888,0.11555555555555556,0.0699503432334262,0.16116076787768494,
capacity_d3_train,3,93,0.8877777777777777,0.9988888888888888,0.1111111111111111,0.07764603432417083,0.14457618789805138,
capacity_d3_train,3,94,0.8944444444444445,0.9988888888888888,0.10444444444444445,0.07309513248138635,0.13579375640750255,
capacity_d3_train,3,95,0.8977777777777778,1.0,0.10222222222222221,0.06774792213860714,0.1366965223058373,
capacity_d3_train,3,96,0.898888888888889,1.0,0.10111111111111111,0.06764603432417085,0.13457618789805137,
capacity_d3_train,3,97,0.9033333333333333,1.0,0.09666666666666668,0.07182528954916337,0.12150804378416999,
capacity_d3_train,3,98,0.9066666666666666,1.0,0.09333333333333334,0.07142529797423858,0.1152413686924281,
capacity_d3_train,3,99,0.91,1.0,0.09000000000000001,0.06809196464090524,0.11190803535909478,
capacity_d3_train,3,100,0.9166666666666666,1.0,0.08333333333333333,0.05849195621583002,0.10817471045083664,
capacity_d3_train,3,101,0.9211111111111111,1.0,0.07888888888888888,0.06165173884708133,0.09612603893069643,
capacity_d3_train,3,102,0.9244444444444445,1.0,0.07555555555555556,0.050258335331577156,0.10085277577953396,
capacity_d3_train,3,103,0.9255555555555555,1.0,0.07444444444444444,0.05360574617985853,0.09528314270903035,
capacity_d3_train,3,104,0.9333333333333332,1.0,0.06666666666666667,0.050105748588331125,0.0832275847450022,
capacity_d3_train,3,105,0.9366666666666666,1.0,0.06333333333333334,0.0467724152549978,0.07989425141166888,
capacity_d3_train,3,106,0.9377777777777778,1.0,0.06222222222222223,0.04498507218041467,0.07945937226402978,
capacity_d3_train,3,107,0.9433333333333334,1.0,0.056666666666666664,0.0483862076274989,0.06494712570583443,
capacity_d3_train,3,108,0.9477777777777777,1.0,0.052222222222222225,0.03498507218041469,0.06945937226402976,
capacity_d3_train,3,109,0.9511111111111111,1.0,0.04888888888888889,0.024985262612502997,0.07279251516527478,
capacity_d3_train,3,110,0.9533333333333333,1.0,0.04666666666666667,0.024758631307571912,0.06857470202576142,
capacity_d3_train,3,111,0.958888888888889,1.0,0.04111111111111111,0.023873961069303565,0.05834826115291866,
capacity_d3_train,3,112,0.9622222222222222,1.0,0.03777777777777778,0.025129167665788578,0.05042638788976698,
capacity_d3_train,3,113,0.9655555555555555,1.0,0.034444444444444444,0.029663719189167263,0.039225169699721625,
capacity_d3_train,3,114,0.9722222222222222,1.0,0.027777777777777776,0.018216327267223418,0.03733922828833214,
capacity_d3_train,3,115,0.9755555555555556,1.0,0.024444444444444446,0.0072072944026369025,0.041681594486251985,
capacity_d3_train,3,116,0.9822222222222222,1.0,0.017777777777777778,0.008216327267223418,0.027339228288332136,
capacity_d3_train,3,117,0.9833333333333334,1.0,0.016666666666666666,0.0083862076274989,0.024947125705834433,
capacity_d3_train,3,118,0.9855555555555555,1.0,0.014444444444444446,0.0048829939338900855,0.024005894954998806,
capacity_d3_train,3,119,0.9877777777777778,1.0,0.012222222222222223,0.002660771711667863,0.021783672732776583,
capacity_d3_train,3,120,0.991111111111111,1.0,0.008888888888888889,-0.0006725616216654712,0.01845033939944325,
capacity_d3_train,3,121,0.9944444444444445,1.0,0.005555555555555556,0.0007748303002783757,0.010336280810832736,
capacity_d3_train,3,122,0.9944444444444445,1.0,0.005555555555555556,0.0007748303002783757,0.010336280810832736,
capacity_d3_train,3,123,0.9966666666666667,1.0,0.0033333333333333335,0.0033333333333333335,0.0033333333333333335,
capacity_d3_train,3,124,0.9988888888888888,1.0,0.0011111111111111111,-0.0036696141441660687,0.005891836366388291,
capacity_d3_train,3,125,1.0,1.0,0.0,0.0,0.0,
capacity_d3_heldout,3,1,0.012222222222222223,0.14444444444444446,0.1322222222222222,0.07231990646788869,0.19212453797655574,
capacity_d3_heldout,3,2,0.021111111111111112,0.23666666666666666,0.21555555555555553,0.12701528477163115,0.3040958263394799,
capacity_d3_heldout,3,3,0.03333333333333333,0.3111111111111111,0.27777777777777773,0.17968549673653902,0.3758700588190165,
capacity_d3_heldout,3,4,0.043333333333333335,0.3711111111111111,0.3277777777777778,0.23252250188883455,0.423033053666721,
capacity_d3_heldout,3,5,0.05666666666666667,0.43111111111111117,0.3744444444444444,0.2784720547249144,0.47041683416397445,
capacity_d3_heldout,3,6,0.07444444444444444,0.47444444444444445,0.39999999999999997,0.26673862340524984,0.53326137659475,
capacity_d3_heldout,3,7,0.08888888888888889,0.5222222222222223,0.43333333333333335,0.297776376636077,0.5688902900305897,
capacity_d3_heldout,3,8,0.10111111111111111,0.5555555555555555,0.45444444444444443,0.3143275936477743,0.5945612952411146,
capacity_d3_heldout,3,9,0.11,0.5888888888888889,0.4788888888888889,0.3223611980095141,0.6354165797682637,
capacity_d3_heldout,3,10,0.11888888888888889,0.6077777777777778,0.4888888888888889,0.3213587420173645,0.6564190357604133,
capacity_d3_heldout,3,11,0.1288888888888889,0.6333333333333333,0.5044444444444444,0.3485752043541331,0.6603136845347557,
capacity_d3_heldout,3,12,0.14333333333333334,0.6611111111111111,0.5177777777777778,0.3752351809999385,0.660320374555617,
capacity_d3_heldout,3,13,0.15333333333333332,0.6944444444444443,0.5411111111111111,0.40827919543533836,0.6739430267868838,
capacity_d3_heldout,3,14,0.16333333333333333,0.7244444444444444,0.561111111111111,0.4117564796086016,0.7104657426136204,
capacity_d3_heldout,3,15,0.17333333333333334,0.7444444444444445,0.5711111111111111,0.4334627480326388,0.7087594741895835,
capacity_d3_heldout,3,16,0.1811111111111111,0.7644444444444445,0.5833333333333334,0.4382479702428551,0.7284186964238116,
capacity_d3_heldout,3,17,0.1911111111111111,0.791111111111111,0.6,0.44530825922865835,0.7546917407713416,
capacity_d3_heldout,3,18,0.20333333333333334,0.8077777777777778,0.6044444444444445,0.46166153966215273,0.7472273492267362,
capacity_d3_heldout,3,19,0.21222222222222223,0.8233333333333334,0.6111111111111112,0.46832820632881944,0.7538940158934029,
capacity_d3_heldout,3,20,0.2222222222222222,0.8344444444444444,0.6122222222222222,0.4463372557677546,0.7781071886766898,
capacity_d3_heldout,3,21,0.2333333333333333,0.84,0.6066666666666666,0.4569299556667164,0.7564033776666168,
capacity_d3_heldout,3,22,0.24111111111111114,0.8488888888888889,0.6077777777777778,0.4686430665458966,0.7469124890096589,
capacity_d3_heldout,3,23,0.2477777777777778,0.8633333333333333,0.6155555555555555,0.45364487629222683,0.7774662348188842,
capacity_d3_heldout,3,24,0.27,0.87,0.6,0.4426712782558125,0.7573287217441875,
capacity_d3_heldout,3,25,0.2811111111111111,0.8755555555555556,0.5944444444444444,0.4335959503575683,0.7552929385313205,
capacity_d3_heldout,3,26,0.29333333333333333,0.8844444444444445,0.5911111111111111,0.43568238788875296,0.7465398343334693,
capacity_d3_heldout,3,27,0.31,0.9011111111111111,0.5911111111111111,0.43701149400861344,0.7452107282136089,
capacity_d3_heldout,3,28,0.32,0.9111111111111111,0.5911111111111111,0.4334921147257587,0.7487301074964636,
capacity_d3_heldout,3,29,0.32888888888888884,0.9222222222222222,0.5933333333333334,0.4317052209158251,0.7549614457508417,
capacity_d3_heldout,3,30,0.33666666666666667,0.93,0.5933333333333334,0.44428507062831357,0.7423815960383532,
capacity_d3_heldout,3,31,0.3477777777777778,0.9355555555555556,0.5877777777777777,0.4368249110791101,0.7387306444764454,
capacity_d3_heldout,3,32,0.3633333333333333,0.9377777777777778,0.5744444444444444,0.4153101928364983,0.7335786960523906,0.25
capacity_d3_heldout,3,33,0.3811111111111111,0.9466666666666667,0.5655555555555556,0.39987738531668404,0.7312337257944271,
capacity_d3_heldout,3,34,0.3955555555555556,0.9511111111111111,0.5555555555555556,0.38659901639802585,0.7245120947130853,
capacity_d3_heldout,3,35,0.41,0.9555555555555556,0.5455555555555556,0.39056860126993265,0.7005425098411785,
capacity_d3_heldout,3,36,0.4177777777777778,0.9566666666666667,0.5388888888888889,0.3850119055897707,0.692765872188007,
capacity_d3_heldout,3,37,0.43222222222222223,0.9577777777777778,0.5255555555555556,0.36406891197252167,0.6870421991385894,
capacity_d3_heldout,3,38,0.44222222222222224,0.9577777777777778,0.5155555555555555,0.3406175888900259,0.6904935222210852,
capacity_d3_heldout,3,39,0.4511111111111111,0.9611111111111111,0.51,0.32355171504419,0.69644828495581,
capacity_d3_heldout,3,40,0.4577777777777778,0.9666666666666667,0.508888888888889,0.327221329188356,0.6905564485894219,
capacity_d3_heldout,3,41,0.46666666666666673,0.9677777777777777,0.5011111111111112,0.31663457526972916,0.6855876469524932,
capacity_d3_heldout,3,42,0.47444444444444445,0.9688888888888889,0.49444444444444446,0.30996790860306256,0.6789209802858264,
capacity_d3_heldout,3,43,0.48222222222222216,0.9733333333333333,0.4911111111111111,0.3124884747596192,0.6697337474626031,
capacity_d3_heldout,3,44,0.49444444444444446,0.9744444444444444,0.48,0.30769480906713176,0.6523051909328682,
capacity_d3_heldout,3,45,0.5055555555555555,0.9755555555555556,0.47,0.3045979602367772,0.6354020397632227,
capacity_d3_heldout,3,46,0.5144444444444445,0.9766666666666666,0.46222222222222226,0.3020144195273542,0.6224300249170903,
capacity_d3_heldout,3,47,0.5233333333333333,0.9788888888888888,0.45555555555555555,0.3005686012699327,0.6105425098411784,
capacity_d3_heldout,3,48,0.5344444444444444,0.9788888888888888,0.4444444444444445,0.28857520435413314,0.6003136845347559,
capacity_d3_heldout,3,49,0.5422222222222222,0.9811111111111112,0.4388888888888889,0.28501190558977074,0.592765872188007,
capacity_d3_heldout,3,50,0.5588888888888889,0.9811111111111112,0.4222222222222222,0.2758820434381336,0.5685624010063108,
capacity_d3_heldout,3,51,0.5677777777777778,0.9833333333333334,0.4155555555555555,0.2909811931722136,0.5401299179388974,
capacity_d3_heldout,3,52,0.5766666666666667,0.9833333333333334,0.4066666666666667,0.2916308532580951,0.5217024800752382,
capacity_d3_heldout,3,53,0.5822222222222222,0.9844444444444443,0.4022222222222222,0.2993532782864353,0.5050911661580091,
capacity_d3_heldout,3,54,0.5977777777777779,0.9844444444444443,0.38666666666666666,0.27902069915748573,0.4943126341758476,
capacity_d3_heldout,3,55,0.61,0.9844444444444443,0.3744444444444444,0.24768759146043065,0.5012012974284582,
capacity_d3_heldout,3,56,0.62,0.9855555555555555,0.3655555555555556,0.2401583077033232,0.49095280340778796,
capacity_d3_heldout,3,57,0.63,0.9855555555555555,0.35555555555555557,0.24528752904674034,0.4658235820643708,
capacity_d3_heldout,3,58,0.6377777777777777,0.9877777777777778,0.35000000000000003,0.23496418659142848,0.4650358134085716,
capacity_d3_heldout,3,59,0.65,0.9877777777777778,0.33777777777777773,0.21711772748512498,0.4584378280704305,
capacity_d3_heldout,3,60,0.66,0.9877777777777778,0.3277777777777778,0.19940840530207044,0.4561471502534851,
capacity_d3_heldout,3,61,0.6655555555555556,0.9877777777777778,0.32222222222222224,0.18333413105642207,0.46111031338802244,
capacity_d3_heldout,3,62,0.6711111111111111,0.9877777777777778,0.3166666666666667,0.1730060716111683,0.4603272617221651,
capacity_d3_heldout,3,63,0.6777777777777777,0.991111111111111,0.3133333333333333,0.19135455480134547,0.43531211186532115,
capacity_d3_heldout,3,64,0.6833333333333332,0.9922222222222222,0.30888888888888894,0.19168796861164247,0.42608980916613537,
capacity_d3_heldout,3,65,0.6944444444444445,0.9922222222222222,0.29777777777777775,0.20544663693415982,0.3901089186213957,
capacity_d3_heldout,3,66,0.7022222222222222,0.9933333333333333,0.2911111111111111,0.19990068646685238,0.3823215357553698,
capacity_d3_heldout,3,67,0.71,0.9944444444444445,0.28444444444444444,0.19211330360082657,0.3767755852880623,
capacity_d3_heldout,3,68,0.7188888888888889,0.9944444444444445,0.27555555555555555,0.16622422580762483,0.38488688530348625,
capacity_d3_heldout,3,69,0.7255555555555556,0.9955555555555556,0.27,0.1642821760080561,0.3757178239919439,
capacity_d3_heldout,3,70,0.7377777777777778,0.9955555555555556,0.2577777777777778,0.1475097512689626,0.36804580428659295,
capacity_d3_heldout,3,71,0.7455555555555556,0.9966666666666667,0.2511111111111111,0.16492536090207344,0.3372968613201488,
capacity_d3_heldout,3,72,0.7566666666666667,0.9977777777777778,0.24111111111111114,0.1499006864668524,0.3323215357553699,
capacity_d3_heldout,3,73,0.7666666666666666,0.9977777777777778,0.23111111111111113,0.11687278262701553,0.3453494395952067,
capacity_d3_heldout,3,74,0.7711111111111112,0.9977777777777778,0.22666666666666666,0.12491468247569566,0.32841865085763766,
capacity_d3_heldout,3,75,0.7766666666666667,0.9977777777777778,0.22111111111111112,0.12877997026749324,0.31344225195472897,
capacity_d3_heldout,3,76,0.7833333333333333,0.9977777777777778,0.21444444444444444,0.13618059900475704,0.29270828988413183,
capacity_d3_heldout,3,77,0.791111111111111,0.9977777777777778,0.20666666666666667,0.1409425605893824,0.27239077274395096,
capacity_d3_heldout,3,78,0.7999999999999999,0.9977777777777778,0.19777777777777775,0.13507915385166158,0.2604764017038939,
capacity_d3_heldout,3,79,0.8044444444444444,0.9977777777777778,0.19333333333333333,0.12760922725604906,0.2590574394106176,
capacity_d3_heldout,3,80,0.8077777777777778,0.9977777777777778,0.19000000000000003,0.11781263168427965,0.2621873683157204,
capacity_d3_heldout,3,81,0.8155555555555555,0.9977777777777778,0.1822222222222222,0.11478179325470621,0.24966265118973818,
capacity_d3_heldout,3,82,0.8222222222222223,0.9977777777777778,0.17555555555555555,0.11231250499560953,0.23879860611550158,
capacity_d3_heldout,3,83,0.8288888888888889,0.9977777777777778,0.16888888888888887,0.11072885598798803,0.2270489217897897,
capacity_d3_heldout,3,84,0.8322222222222222,0.9977777777777778,0.16555555555555557,0.10739552265465473,0.2237155884564564,
capacity_d3_heldout,3,85,0.8377777777777777,0.9988888888888888,0.16111111111111112,0.11550589878898178,0.20671632343324048,
capacity_d3_heldout,3,86,0.8388888888888889,0.9988888888888888,0.16,0.113896355253848,0.206103644746152,
capacity_d3_heldout,3,87,0.8466666666666667,0.9988888888888888,0.15222222222222223,0.11054482569305038,0.19389961875139408,
capacity_d3_heldout,3,88,0.8533333333333334,0.9988888888888888,0.14555555555555555,0.1082168976799282,0.1828942134311829,
capacity_d3_heldout,3,89,0.86,0.9988888888888888,0.13888888888888887,0.10542381210194862,0.1723539656758291,
capacity_d3_heldout,3,90,0.8666666666666667,1.0,0.13333333333333333,0.09538750299736573,0.17127916366930093,
capacity_d3_heldout,3,91,0.8733333333333334,1.0,0.12666666666666668,0.09057298250880647,0.1627603508245269,
capacity_d3_heldout,3,92,0.8766666666666666,1.0,0.12333333333333334,0.0795172626151438,0.16714940405152287,
capacity_d3_heldout,3,93,0.8777777777777778,1.0,0.12222222222222223,0.08309029950237853,0.16135414494206593,
capacity_d3_heldout,3,94,0.88,1.0,0.12,0.07618392928181046,0.16381607071818954,
capacity_d3_heldout,3,95,0.8844444444444445,1.0,0.11555555555555556,0.07642363283571188,0.15468747827539925,
capacity_d3_heldout,3,96,0.8888888888888888,1.0,0.11111111111111112,0.06861909558643683,0.1536031266357854,
capacity_d3_heldout,3,97,0.8933333333333332,1.0,0.10666666666666667,0.05629860068954778,0.15703473264378556,
capacity_d3_heldout,3,98,0.9011111111111111,1.0,0.0988888888888889,0.05975696616904521,0.13802081160873259,
capacity_d3_heldout,3,99,0.9066666666666666,1.0,0.09333333333333334,0.060211497176662264,0.1264551694900044,
capacity_d3_heldout,3,100,0.9122222222222223,1.0,0.08777777777777777,0.062480557553799373,0.11307499800175617,
capacity_d3_heldout,3,101,0.9166666666666666,1.0,0.08333333333333333,0.06899115756750178,0.09767550909916488,
capacity_d3_heldout,3,102,0.9244444444444445,1.0,0.07555555555555556,0.07077483030027838,0.08033628081083273,
capacity_d3_heldout,3,103,0.9288888888888889,1.0,0.07111111111111111,0.058462500999121925,0.0837597212231003,
capacity_d3_heldout,3,104,0.93,1.0,0.06999999999999999,0.05565782423416846,0.08434217576583153,
capacity_d3_heldout,3,105,0.9333333333333332,1.0,0.06666666666666667,0.050105748588331125,0.0832275847450022,
capacity_d3_heldout,3,106,0.9366666666666666,1.0,0.06333333333333334,0.04142529797423858,0.0852413686924281,
capacity_d3_heldout,3,107,0.938888888888889,1.0,0.061111111111111116,0.04198821009000238,0.08023401213221985,
capacity_d3_heldout,3,108,0.9411111111111111,1.0,0.058888888888888886,0.03359166866491048,0.0841861091128673,
capacity_d3_heldout,3,109,0.9444444444444445,1.0,0.05555555555555556,0.030258335331577166,0.08085277577953395,
capacity_d3_heldout,3,110,0.9499999999999998,1.0,0.049999999999999996,0.0251586228824967,0.0748413771175033,
capacity_d3_heldout,3,111,0.9544444444444444,1.0,0.04555555555555555,0.014206243592497454,0.07690486751861364,
capacity_d3_heldout,3,112,0.9611111111111111,1.0,0.03888888888888889,0.013591668664910486,0.06418610911286729,
capacity_d3_heldout,3,113,0.9644444444444445,1.0,0.035555555555555556,0.011651929279169651,0.05945918183194146,
capacity_d3_heldout,3,114,0.9666666666666667,1.0,0.03333333333333333,0.01899115756750179,0.047675509099164876,
capacity_d3_heldout,3,115,0.9700000000000001,1.0,0.03,0.01565782423416846,0.044342175765831535,
capacity_d3_heldout,3,116,0.9722222222222223,1.0,0.02777777777777778,0.015129167665788583,0.040426387889766977,
capacity_d3_heldout,3,117,0.9766666666666666,1.0,0.023333333333333334,0.006772415254997801,0.03989425141166887,
capacity_d3_heldout,3,118,0.98,1.0,0.02,0.011719540960832232,0.028280459039167767,
capacity_d3_heldout,3,119,0.9822222222222222,1.0,0.017777777777777778,0.008216327267223418,0.027339228288332136,
capacity_d3_heldout,3,120,0.9844444444444443,1.0,0.015555555555555557,0.005994105045001197,0.025117006066109917,
capacity_d3_heldout,3,121,0.9877777777777778,1.0,0.012222222222222223,-0.00042638788976697567,0.02487083233421142,
capacity_d3_heldout,3,122,0.991111111111111,1.0,0.008888888888888889,-0.01194980937569703,0.02972758715347481,
capacity_d3_heldout,3,123,0.9944444444444445,1.0,0.005555555555555556,-0.0070930545564336445,0.018204165667544757,
capacity_d3_heldout,3,124,0.9988888888888888,1.0,0.0011111111111111111,-0.0036696141441660687,0.005891836366388291,
capacity_d3_heldout,3,125,1.0,1.0,0.0,0.0,0.0,
