seed,arm,k,hit_fraction
83000,random,1,0.07
83000,random,2,0.11
83000,random,3,0.141
83000,random,4,0.164
83000,random,5,0.195
83000,random,6,0.217
83000,random,7,0.243
83000,random,8,0.267
83000,random,9,0.294
83000,random,10,0.314
83000,random,11,0.328
83000,random,12,0.347
83000,random,13,0.368
83000,random,14,0.387
83000,random,15,0.398
83000,random,16,0.409
83000,random,17,0.418
83000,random,18,0.43
83000,random,19,0.451
83000,random,20,0.465
83000,random,21,0.478
83000,random,22,0.491
83000,random,23,0.51
83000,random,24,0.527
83000,random,25,0.533
83000,random,26,0.552
83000,random,27,0.565
83000,random,28,0.572
83000,random,29,0.589
83000,random,30,0.604
83000,random,31,0.61
83000,random,32,0.619
83000,random,33,0.627
83000,random,34,0.637
83000,random,35,0.649
83000,random,36,0.657
83000,random,37,0.666
83000,random,38,0.676
83000,random,39,0.687
83000,random,40,0.698
83000,random,41,0.709
83000,random,42,0.717
83000,random,43,0.735
83000,random,44,0.747
83000,random,45,0.755
83000,random,46,0.765
83000,random,47,0.773
83000,random,48,0.783
83000,random,49,0.787
83000,random,50,0.793
83000,random,51,0.801
83000,random,52,0.806
83000,random,53,0.816
83000,random,54,0.82
83000,random,55,0.828
83000,random,56,0.834
83000,random,57,0.841
83000,random,58,0.846
83000,random,59,0.85
83000,random,60,0.856
83000,random,61,0.86
83000,random,62,0.869
83000,random,63,0.872
83000,random,64,0.875
83000,random,65,0.879
83000,random,66,0.883
83000,random,67,0.887
83000,random,68,0.892
83000,random,69,0.898
83000,random,70,0.902
83000,random,71,0.905
83000,random,72,0.907
83000,random,73,0.915
83000,random,74,0.916
83000,random,75,0.92
83000,random,76,0.925
83000,random,77,0.932
83000,random,78,0.938
83000,random,79,0.939
83000,random,80,0.94
83000,random,81,0.94
83000,random,82,0.941
83000,random,83,0.944
83000,random,84,0.947
83000,random,85,0.949
83000,random,86,0.949
83000,random,87,0.952
83000,random,88,0.954
83000,random,89,0.954
83000,random,90,0.955
83000,random,91,0.957
83000,random,92,0.96
83000,random,93,0.963
83000,random,94,0.965
83000,random,95,0.967
83000,random,96,0.968
83000,random,97,0.971
83000,random,98,0.972
83000,random,99,0.972
83000,random,100,0.973
83000,random,101,0.973
83000,random,102,0.973
83000,random,103,0.976
83000,random,104,0.981
83000,random,105,0.981
83000,random,106,0.982
83000,random,107,0.987
83000,random,108,0.989
83000,random,109,0.99
83000,random,110,0.992
83000,random,111,0.993
83000,random,112,0.994
83000,random,113,0.996
83000,random,114,0.999
83000,random,115,0.999
83000,random,116,0.999
83000,random,117,1.0
83000,random,118,1.0
83000,random,119,1.0
83000,random,120,1.0
83000,random,121,1.0
83000,random,122,1.0
83000,random,123,1.0
83000,random,124,1.0
83000,random,125,1.0
83000,diverse,1,0.1
83000,diverse,2,0.147
83000,diverse,3,0.179
83000,diverse,4,0.214
83000,diverse,5,0.239
83000,diverse,6,0.254
83000,diverse,7,0.276
83000,diverse,8,0.288
83000,diverse,9,0.301
83000,diverse,10,0.316
83000,diverse,11,0.331
83000,diverse,12,0.35
83000,diverse,13,0.372
83000,diverse,14,0.383
83000,diverse,15,0.406
83000,diverse,16,0.417
83000,diverse,17,0.432
83000,diverse,18,0.445
83000,diverse,19,0.459
83000,diverse,20,0.479
83000,diverse,21,0.495
83000,diverse,22,0.512
83000,diverse,23,0.529
83000,diverse,24,0.537
83000,diverse,25,0.552
83000,diverse,26,0.561
83000,diverse,27,0.572
83000,diverse,28,0.584
83000,diverse,29,0.603
83000,diverse,30,0.613
83000,diverse,31,0.628
83000,diverse,32,0.636
83000,diverse,33,0.648
83000,diverse,34,0.657
83000,diverse,35,0.664
83000,diverse,36,0.671
83000,diverse,37,0.678
83000,diverse,38,0.684
83000,diverse,39,0.693
83000,diverse,40,0.709
83000,diverse,41,0.718
83000,diverse,42,0.726
83000,diverse,43,0.736
83000,diverse,44,0.743
83000,diverse,45,0.746
83000,diverse,46,0.752
83000,diverse,47,0.763
83000,diverse,48,0.773
83000,diverse,49,0.779
83000,diverse,50,0.79
83000,diverse,51,0.796
83000,diverse,52,0.804
83000,diverse,53,0.812
83000,diverse,54,0.817
83000,diverse,55,0.821
83000,diverse,56,0.832
83000,diverse,57,0.841
83000,diverse,58,0.844
83000,diverse,59,0.848
83000,diverse,60,0.861
83000,diverse,61,0.868
83000,diverse,62,0.87
83000,diverse,63,0.876
83000,diverse,64,0.88
83000,diverse,65,0.886
83000,diverse,66,0.89
83000,diverse,67,0.893
83000,diverse,68,0.896
83000,diverse,69,0.899
83000,diverse,70,0.902
83000,diverse,71,0.902
83000,diverse,72,0.904
83000,diverse,73,0.906
83000,diverse,74,0.907
83000,diverse,75,0.91
83000,diverse,76,0.912
83000,diverse,77,0.916
83000,diverse,78,0.922
83000,diverse,79,0.924
83000,diverse,80,0.93
83000,diverse,81,0.932
83000,diverse,82,0.936
83000,diverse,83,0.939
83000,diverse,84,0.94
83000,diverse,85,0.941
83000,diverse,86,0.945
83000,diverse,87,0.947
83000,diverse,88,0.949
83000,diverse,89,0.951
83000,diverse,90,0.954
83000,diverse,91,0.955
83000,diverse,92,0.956
83000,diverse,93,0.957
83000,diverse,94,0.958
83000,diverse,95,0.961
83000,diverse,96,0.962
83000,diverse,97,0.965
83000,diverse,98,0.968
83000,diverse,99,0.968
83000,diverse,100,0.969
83000,diverse,101,0.971
83000,diverse,102,0.972
83000,diverse,103,0.978
83000,diverse,104,0.978
83000,diverse,105,0.979
83000,diverse,106,0.98
83000,diverse,107,0.981
83000,diverse,108,0.983
83000,diverse,109,0.985
83000,diverse,110,0.989
83000,diverse,111,0.99
83000,diverse,112,0.994
83000,diverse,113,0.996
83000,diverse,114,0.997
83000,diverse,115,0.999
83000,diverse,116,1.0
83000,diverse,117,1.0
83000,diverse,118,1.0
83000,diverse,119,1.0
83000,diverse,120,1.0
83000,diverse,121,1.0
83000,diverse,122,1.0
83000,diverse,123,1.0
83000,diverse,124,1.0
83000,diverse,125,1.0
83001,random,1,0.086
83001,random,2,0.143
83001,random,3,0.174
83001,random,4,0.194
83001,random,5,0.219
83001,random,6,0.244
83001,random,7,0.26
83001,random,8,0.279
83001,random,9,0.297
83001,random,10,0.313
83001,random,11,0.325
83001,random,12,0.343
83001,random,13,0.363
83001,random,14,0.373
83001,random,15,0.386
83001,random,16,0.4
83001,random,17,0.421
83001,random,18,0.445
83001,random,19,0.46
83001,random,20,0.472
83001,random,21,0.482
83001,random,22,0.498
83001,random,23,0.508
83001,random,24,0.521
83001,random,25,0.533
83001,random,26,0.55
83001,random,27,0.565
83001,random,28,0.582
83001,random,29,0.592
83001,random,30,0.602
83001,random,31,0.609
83001,random,32,0.619
83001,random,33,0.629
83001,random,34,0.637
83001,random,35,0.647
83001,random,36,0.658
83001,random,37,0.666
83001,random,38,0.677
83001,random,39,0.686
83001,random,40,0.693
83001,random,41,0.699
83001,random,42,0.71
83001,random,43,0.723
83001,random,44,0.734
83001,random,45,0.742
83001,random,46,0.749
83001,random,47,0.758
83001,random,48,0.768
83001,random,49,0.776
83001,random,50,0.787
83001,random,51,0.795
83001,random,52,0.798
83001,random,53,0.803
83001,random,54,0.811
83001,random,55,0.819
83001,random,56,0.824
83001,random,57,0.831
83001,random,58,0.837
83001,random,59,0.845
83001,random,60,0.848
83001,random,61,0.855
83001,random,62,0.863
83001,random,63,0.867
83001,random,64,0.873
83001,random,65,0.881
83001,random,66,0.887
83001,random,67,0.89
83001,random,68,0.892
83001,random,69,0.895
83001,random,70,0.898
83001,random,71,0.9
83001,random,72,0.904
83001,random,73,0.907
83001,random,74,0.907
83001,random,75,0.911
83001,random,76,0.914
83001,random,77,0.917
83001,random,78,0.92
83001,random,79,0.921
83001,random,80,0.925
83001,random,81,0.928
83001,random,82,0.931
83001,random,83,0.936
83001,random,84,0.941
83001,random,85,0.944
83001,random,86,0.947
83001,random,87,0.95
83001,random,88,0.951
83001,random,89,0.955
83001,random,90,0.956
83001,random,91,0.959
83001,random,92,0.962
83001,random,93,0.965
83001,random,94,0.967
83001,random,95,0.97
83001,random,96,0.971
83001,random,97,0.971
83001,random,98,0.971
83001,random,99,0.973
83001,random,100,0.976
83001,random,101,0.978
83001,random,102,0.979
83001,random,103,0.979
83001,random,104,0.979
83001,random,105,0.98
83001,random,106,0.981
83001,random,107,0.982
83001,random,108,0.985
83001,random,109,0.988
83001,random,110,0.991
83001,random,111,0.993
83001,random,112,0.993
83001,random,113,0.995
83001,random,114,0.996
83001,random,115,0.998
83001,random,116,0.999
83001,random,117,0.999
83001,random,118,1.0
83001,random,119,1.0
83001,random,120,1.0
83001,random,121,1.0
83001,random,122,1.0
83001,random,123,1.0
83001,random,124,1.0
83001,random,125,1.0
83001,diverse,1,0.078
83001,diverse,2,0.132
83001,diverse,3,0.164
83001,diverse,4,0.199
83001,diverse,5,0.21
83001,diverse,6,0.233
83001,diverse,7,0.257
83001,diverse,8,0.275
83001,diverse,9,0.295
83001,diverse,10,0.311
83001,diverse,11,0.326
83001,diverse,12,0.341
83001,diverse,13,0.355
83001,diverse,14,0.37
83001,diverse,15,0.383
83001,diverse,16,0.403
83001,diverse,17,0.417
83001,diverse,18,0.429
83001,diverse,19,0.443
83001,diverse,20,0.455
83001,diverse,21,0.468
83001,diverse,22,0.482
83001,diverse,23,0.498
83001,diverse,24,0.505
83001,diverse,25,0.515
83001,diverse,26,0.525
83001,diverse,27,0.538
83001,diverse,28,0.547
83001,diverse,29,0.553
83001,diverse,30,0.571
83001,diverse,31,0.584
83001,diverse,32,0.599
83001,diverse,33,0.611
83001,diverse,34,0.623
83001,diverse,35,0.64
83001,diverse,36,0.646
83001,diverse,37,0.653
83001,diverse,38,0.668
83001,diverse,39,0.677
83001,diverse,40,0.685
83001,diverse,41,0.697
83001,diverse,42,0.706
83001,diverse,43,0.715
83001,diverse,44,0.733
83001,diverse,45,0.741
83001,diverse,46,0.748
83001,diverse,47,0.756
83001,diverse,48,0.767
83001,diverse,49,0.775
83001,diverse,50,0.789
83001,diverse,51,0.797
83001,diverse,52,0.803
83001,diverse,53,0.813
83001,diverse,54,0.819
83001,diverse,55,0.824
83001,diverse,56,0.828
83001,diverse,57,0.837
83001,diverse,58,0.85
83001,diverse,59,0.853
83001,diverse,60,0.858
83001,diverse,61,0.864
83001,diverse,62,0.868
83001,diverse,63,0.875
83001,diverse,64,0.88
83001,diverse,65,0.884
83001,diverse,66,0.888
83001,diverse,67,0.894
83001,diverse,68,0.899
83001,diverse,69,0.904
83001,diverse,70,0.906
83001,diverse,71,0.911
83001,diverse,72,0.912
83001,diverse,73,0.913
83001,diverse,74,0.914
83001,diverse,75,0.916
83001,diverse,76,0.918
83001,diverse,77,0.919
83001,diverse,78,0.92
83001,diverse,79,0.921
83001,diverse,80,0.925
83001,diverse,81,0.927
83001,diverse,82,0.928
83001,diverse,83,0.933
83001,diverse,84,0.937
83001,diverse,85,0.942
83001,diverse,86,0.944
83001,diverse,87,0.947
83001,diverse,88,0.948
83001,diverse,89,0.949
83001,diverse,90,0.95
83001,diverse,91,0.952
83001,diverse,92,0.953
83001,diverse,93,0.958
83001,diverse,94,0.961
83001,diverse,95,0.964
83001,diverse,96,0.966
83001,diverse,97,0.967
83001,diverse,98,0.969
83001,diverse,99,0.971
83001,diverse,100,0.975
83001,diverse,101,0.975
83001,diverse,102,0.977
83001,diverse,103,0.982
83001,diverse,104,0.982
83001,diverse,105,0.985
83001,diverse,106,0.986
83001,diverse,107,0.987
83001,diverse,108,0.988
83001,diverse,109,0.988
83001,diverse,110,0.988
83001,diverse,111,0.991
83001,diverse,112,0.993
83001,diverse,113,0.994
83001,diverse,114,0.996
83001,diverse,115,0.997
83001,diverse,116,0.999
83001,diverse,117,0.999
83001,diverse,118,1.0
83001,diverse,119,1.0
83001,diverse,120,1.0
83001,diverse,121,1.0
83001,diverse,122,1.0
83001,diverse,123,1.0
83001,diverse,124,1.0
83001,diverse,125,1.0
83002,random,1,0.076
83002,random,2,0.128
83002,random,3,0.162
83002,random,4,0.197
83002,random,5,0.226
83002,random,6,0.249
83002,random,7,0.26
83002,random,8,0.278
83002,random,9,0.287
83002,random,10,0.304
83002,random,11,0.323
83002,random,12,0.343
83002,random,13,0.365
83002,random,14,0.384
83002,random,15,0.399
83002,random,16,0.412
83002,random,17,0.43
83002,random,18,0.443
83002,random,19,0.461
83002,random,20,0.472
83002,random,21,0.479
83002,random,22,0.497
83002,random,23,0.511
83002,random,24,0.518
83002,random,25,0.529
83002,random,26,0.541
83002,random,27,0.555
83002,random,28,0.566
83002,random,29,0.578
83002,random,30,0.588
83002,random,31,0.604
83002,random,32,0.614
83002,random,33,0.63
83002,random,34,0.642
83002,random,35,0.651
83002,random,36,0.659
83002,random,37,0.669
83002,random,38,0.685
83002,random,39,0.698
83002,random,40,0.712
83002,random,41,0.719
83002,random,42,0.728
83002,random,43,0.737
83002,random,44,0.747
83002,random,45,0.759
83002,random,46,0.764
83002,random,47,0.768
83002,random,48,0.782
83002,random,49,0.793
83002,random,50,0.798
83002,random,51,0.805
83002,random,52,0.808
83002,random,53,0.818
83002,random,54,0.824
83002,random,55,0.827
83002,random,56,0.831
83002,random,57,0.836
83002,random,58,0.842
83002,random,59,0.85
83002,random,60,0.852
83002,random,61,0.854
83002,random,62,0.859
83002,random,63,0.863
83002,random,64,0.867
83002,random,65,0.868
83002,random,66,0.873
83002,random,67,0.875
83002,random,68,0.877
83002,random,69,0.879
83002,random,70,0.887
83002,random,71,0.888
83002,random,72,0.893
83002,random,73,0.895
83002,random,74,0.899
83002,random,75,0.903
83002,random,76,0.907
83002,random,77,0.909
83002,random,78,0.915
83002,random,79,0.918
83002,random,80,0.924
83002,random,81,0.925
83002,random,82,0.925
83002,random,83,0.93
83002,random,84,0.933
83002,random,85,0.933
83002,random,86,0.936
83002,random,87,0.941
83002,random,88,0.948
83002,random,89,0.953
83002,random,90,0.956
83002,random,91,0.958
83002,random,92,0.96
83002,random,93,0.962
83002,random,94,0.965
83002,random,95,0.965
83002,random,96,0.967
83002,random,97,0.968
83002,random,98,0.969
83002,random,99,0.969
83002,random,100,0.972
83002,random,101,0.973
83002,random,102,0.973
83002,random,103,0.975
83002,random,104,0.977
83002,random,105,0.98
83002,random,106,0.981
83002,random,107,0.983
83002,random,108,0.985
83002,random,109,0.987
83002,random,110,0.989
83002,random,111,0.991
83002,random,112,0.992
83002,random,113,0.997
83002,random,114,0.999
83002,random,115,0.999
83002,random,116,1.0
83002,random,117,1.0
83002,random,118,1.0
83002,random,119,1.0
83002,random,120,1.0
83002,random,121,1.0
83002,random,122,1.0
83002,random,123,1.0
83002,random,124,1.0
83002,random,125,1.0
83002,diverse,1,0.086
83002,diverse,2,0.129
83002,diverse,3,0.161
83002,diverse,4,0.192
83002,diverse,5,0.219
83002,diverse,6,0.245
83002,diverse,7,0.27
83002,diverse,8,0.293
83002,diverse,9,0.303
83002,diverse,10,0.32
83002,diverse,11,0.333
83002,diverse,12,0.347
83002,diverse,13,0.363
83002,diverse,14,0.383
83002,diverse,15,0.4
83002,diverse,16,0.418
83002,diverse,17,0.43
83002,diverse,18,0.444
83002,diverse,19,0.455
83002,diverse,20,0.465
83002,diverse,21,0.48
83002,diverse,22,0.488
83002,diverse,23,0.499
83002,diverse,24,0.51
83002,diverse,25,0.527
83002,diverse,26,0.54
83002,diverse,27,0.556
83002,diverse,28,0.561
83002,diverse,29,0.573
83002,diverse,30,0.588
83002,diverse,31,0.602
83002,diverse,32,0.609
83002,diverse,33,0.622
83002,diverse,34,0.633
83002,diverse,35,0.649
83002,diverse,36,0.666
83002,diverse,37,0.677
83002,diverse,38,0.687
83002,diverse,39,0.7
83002,diverse,40,0.712
83002,diverse,41,0.719
83002,diverse,42,0.723
83002,diverse,43,0.734
83002,diverse,44,0.74
83002,diverse,45,0.752
83002,diverse,46,0.762
83002,diverse,47,0.772
83002,diverse,48,0.783
83002,diverse,49,0.787
83002,diverse,50,0.793
83002,diverse,51,0.801
83002,diverse,52,0.81
83002,diverse,53,0.816
83002,diverse,54,0.823
83002,diverse,55,0.832
83002,diverse,56,0.837
83002,diverse,57,0.843
83002,diverse,58,0.847
83002,diverse,59,0.857
83002,diverse,60,0.861
83002,diverse,61,0.867
83002,diverse,62,0.873
83002,diverse,63,0.876
83002,diverse,64,0.883
83002,diverse,65,0.888
83002,diverse,66,0.892
83002,diverse,67,0.893
83002,diverse,68,0.894
83002,diverse,69,0.897
83002,diverse,70,0.898
83002,diverse,71,0.903
83002,diverse,72,0.905
83002,diverse,73,0.906
83002,diverse,74,0.907
83002,diverse,75,0.91
83002,diverse,76,0.91
83002,diverse,77,0.913
83002,diverse,78,0.914
83002,diverse,79,0.918
83002,diverse,80,0.923
83002,diverse,81,0.923
83002,diverse,82,0.928
83002,diverse,83,0.931
83002,diverse,84,0.935
83002,diverse,85,0.938
83002,diverse,86,0.941
83002,diverse,87,0.942
83002,diverse,88,0.942
83002,diverse,89,0.943
83002,diverse,90,0.947
83002,diverse,91,0.949
83002,diverse,92,0.949
83002,diverse,93,0.954
83002,diverse,94,0.957
83002,diverse,95,0.959
83002,diverse,96,0.962
83002,diverse,97,0.964
83002,diverse,98,0.965
83002,diverse,99,0.967
83002,diverse,100,0.969
83002,diverse,101,0.971
83002,diverse,102,0.973
83002,diverse,103,0.976
83002,diverse,104,0.978
83002,diverse,105,0.98
83002,diverse,106,0.984
83002,diverse,107,0.984
83002,diverse,108,0.985
83002,diverse,109,0.985
83002,diverse,110,0.986
83002,diverse,111,0.99
83002,diverse,112,0.991
83002,diverse,113,0.992
83002,diverse,114,0.995
83002,diverse,115,0.995
83002,diverse,116,0.998
83002,diverse,117,0.999
83002,diverse,118,1.0
83002,diverse,119,1.0
83002,diverse,120,1.0
83002,diverse,121,1.0
83002,diverse,122,1.0
83002,diverse,123,1.0
83002,diverse,124,1.0
83002,diverse,125,1.0
83003,random,1,0.071
83003,random,2,0.122
83003,random,3,0.159
83003,random,4,0.189
83003,random,5,0.215
83003,random,6,0.23
83003,random,7,0.247
83003,random,8,0.26
83003,random,9,0.274
83003,random,10,0.285
83003,random,11,0.302
83003,random,12,0.322
83003,random,13,0.342
83003,random,14,0.354
83003,random,15,0.364
83003,random,16,0.385
83003,random,17,0.402
83003,random,18,0.419
83003,random,19,0.431
83003,random,20,0.45
83003,random,21,0.464
83003,random,22,0.478
83003,random,23,0.496
83003,random,24,0.512
83003,random,25,0.528
83003,random,26,0.534
83003,random,27,0.541
83003,random,28,0.558
83003,random,29,0.57
83003,random,30,0.583
83003,random,31,0.602
83003,random,32,0.614
83003,random,33,0.623
83003,random,34,0.634
83003,random,35,0.641
83003,random,36,0.649
83003,random,37,0.659
83003,random,38,0.663
83003,random,39,0.676
83003,random,40,0.685
83003,random,41,0.69
83003,random,42,0.698
83003,random,43,0.707
83003,random,44,0.718
83003,random,45,0.726
83003,random,46,0.738
83003,random,47,0.745
83003,random,48,0.76
83003,random,49,0.77
83003,random,50,0.777
83003,random,51,0.785
83003,random,52,0.793
83003,random,53,0.798
83003,random,54,0.805
83003,random,55,0.816
83003,random,56,0.823
83003,random,57,0.833
83003,random,58,0.841
83003,random,59,0.847
83003,random,60,0.853
83003,random,61,0.855
83003,random,62,0.861
83003,random,63,0.867
83003,random,64,0.87
83003,random,65,0.873
83003,random,66,0.879
83003,random,67,0.886
83003,random,68,0.889
83003,random,69,0.892
83003,random,70,0.896
83003,random,71,0.902
83003,random,72,0.908
83003,random,73,0.912
83003,random,74,0.914
83003,random,75,0.915
83003,random,76,0.917
83003,random,77,0.919
83003,random,78,0.922
83003,random,79,0.927
83003,random,80,0.93
83003,random,81,0.935
83003,random,82,0.94
83003,random,83,0.941
83003,random,84,0.945
83003,random,85,0.946
83003,random,86,0.949
83003,random,87,0.949
83003,random,88,0.952
83003,random,89,0.956
83003,random,90,0.961
83003,random,91,0.963
83003,random,92,0.968
83003,random,93,0.968
83003,random,94,0.969
83003,random,95,0.971
83003,random,96,0.972
83003,random,97,0.976
83003,random,98,0.977
83003,random,99,0.98
83003,random,100,0.982
83003,random,101,0.982
83003,random,102,0.984
83003,random,103,0.985
83003,random,104,0.985
83003,random,105,0.987
83003,random,106,0.988
83003,random,107,0.991
83003,random,108,0.992
83003,random,109,0.995
83003,random,110,0.996
83003,random,111,0.997
83003,random,112,0.997
83003,random,113,0.997
83003,random,114,0.998
83003,random,115,1.0
83003,random,116,1.0
83003,random,117,1.0
83003,random,118,1.0
83003,random,119,1.0
83003,random,120,1.0
83003,random,121,1.0
83003,random,122,1.0
83003,random,123,1.0
83003,random,124,1.0
83003,random,125,1.0
83003,diverse,1,0.084
83003,diverse,2,0.128
83003,diverse,3,0.157
83003,diverse,4,0.189
83003,diverse,5,0.208
83003,diverse,6,0.223
83003,diverse,7,0.235
83003,diverse,8,0.259
83003,diverse,9,0.278
83003,diverse,10,0.292
83003,diverse,11,0.311
83003,diverse,12,0.328
83003,diverse,13,0.341
83003,diverse,14,0.352
83003,diverse,15,0.37
83003,diverse,16,0.389
83003,diverse,17,0.409
83003,diverse,18,0.427
83003,diverse,19,0.441
83003,diverse,20,0.457
83003,diverse,21,0.47
83003,diverse,22,0.483
83003,diverse,23,0.495
83003,diverse,24,0.508
83003,diverse,25,0.518
83003,diverse,26,0.542
83003,diverse,27,0.548
83003,diverse,28,0.552
83003,diverse,29,0.561
83003,diverse,30,0.567
83003,diverse,31,0.582
83003,diverse,32,0.594
83003,diverse,33,0.604
83003,diverse,34,0.615
83003,diverse,35,0.626
83003,diverse,36,0.638
83003,diverse,37,0.648
83003,diverse,38,0.662
83003,diverse,39,0.674
83003,diverse,40,0.688
83003,diverse,41,0.695
83003,diverse,42,0.712
83003,diverse,43,0.72
83003,diverse,44,0.726
83003,diverse,45,0.734
83003,diverse,46,0.747
83003,diverse,47,0.758
83003,diverse,48,0.77
83003,diverse,49,0.779
83003,diverse,50,0.786
83003,diverse,51,0.795
83003,diverse,52,0.8
83003,diverse,53,0.802
83003,diverse,54,0.815
83003,diverse,55,0.826
83003,diverse,56,0.834
83003,diverse,57,0.843
83003,diverse,58,0.848
83003,diverse,59,0.854
83003,diverse,60,0.861
83003,diverse,61,0.867
83003,diverse,62,0.87
83003,diverse,63,0.876
83003,diverse,64,0.878
83003,diverse,65,0.884
83003,diverse,66,0.889
83003,diverse,67,0.891
83003,diverse,68,0.894
83003,diverse,69,0.896
83003,diverse,70,0.9
83003,diverse,71,0.906
83003,diverse,72,0.91
83003,diverse,73,0.911
83003,diverse,74,0.914
83003,diverse,75,0.919
83003,diverse,76,0.921
83003,diverse,77,0.923
83003,diverse,78,0.925
83003,diverse,79,0.926
83003,diverse,80,0.929
83003,diverse,81,0.933
83003,diverse,82,0.94
83003,diverse,83,0.941
83003,diverse,84,0.942
83003,diverse,85,0.946
83003,diverse,86,0.949
83003,diverse,87,0.95
83003,diverse,88,0.95
83003,diverse,89,0.953
83003,diverse,90,0.955
83003,diverse,91,0.958
83003,diverse,92,0.96
83003,diverse,93,0.961
83003,diverse,94,0.963
83003,diverse,95,0.965
83003,diverse,96,0.969
83003,diverse,97,0.969
83003,diverse,98,0.972
83003,diverse,99,0.973
83003,diverse,100,0.975
83003,diverse,101,0.978
83003,diverse,102,0.979
83003,diverse,103,0.98
83003,diverse,104,0.981
83003,diverse,105,0.982
83003,diverse,106,0.984
83003,diverse,107,0.985
83003,diverse,108,0.988
83003,diverse,109,0.989
83003,diverse,110,0.99
83003,diverse,111,0.991
83003,diverse,112,0.994
83003,diverse,113,0.994
83003,diverse,114,0.999
83003,diverse,115,1.0
83003,diverse,116,1.0
83003,diverse,117,1.0
83003,diverse,118,1.0
83003,diverse,119,1.0
83003,diverse,120,1.0
83003,diverse,121,1.0
83003,diverse,122,1.0
83003,diverse,123,1.0
83003,diverse,124,1.0
83003,diverse,125,1.0
83004,random,1,0.079
83004,random,2,0.13
83004,random,3,0.158
83004,random,4,0.178
83004,random,5,0.201
83004,random,6,0.221
83004,random,7,0.247
83004,random,8,0.26
83004,random,9,0.281
83004,random,10,0.304
83004,random,11,0.326
83004,random,12,0.342
83004,random,13,0.361
83004,random,14,0.374
83004,random,15,0.383
83004,random,16,0.398
83004,random,17,0.409
83004,random,18,0.42
83004,random,19,0.437
83004,random,20,0.452
83004,random,21,0.471
83004,random,22,0.486
83004,random,23,0.503
83004,random,24,0.517
83004,random,25,0.528
83004,random,26,0.547
83004,random,27,0.56
83004,random,28,0.571
83004,random,29,0.577
83004,random,30,0.597
83004,random,31,0.607
83004,random,32,0.621
83004,random,33,0.633
83004,random,34,0.643
83004,random,35,0.654
83004,random,36,0.658
83004,random,37,0.67
83004,random,38,0.678
83004,random,39,0.687
83004,random,40,0.698
83004,random,41,0.712
83004,random,42,0.724
83004,random,43,0.735
83004,random,44,0.745
83004,random,45,0.758
83004,random,46,0.77
83004,random,47,0.78
83004,random,48,0.784
83004,random,49,0.796
83004,random,50,0.808
83004,random,51,0.814
83004,random,52,0.82
83004,random,53,0.824
83004,random,54,0.828
83004,random,55,0.832
83004,random,56,0.835
83004,random,57,0.845
83004,random,58,0.854
83004,random,59,0.855
83004,random,60,0.859
83004,random,61,0.863
83004,random,62,0.867
83004,random,63,0.871
83004,random,64,0.878
83004,random,65,0.881
83004,random,66,0.887
83004,random,67,0.894
83004,random,68,0.898
83004,random,69,0.903
83004,random,70,0.907
83004,random,71,0.91
83004,random,72,0.913
83004,random,73,0.92
83004,random,74,0.925
83004,random,75,0.928
83004,random,76,0.933
83004,random,77,0.936
83004,random,78,0.937
83004,random,79,0.941
83004,random,80,0.945
83004,random,81,0.95
83004,random,82,0.951
83004,random,83,0.953
83004,random,84,0.955
83004,random,85,0.958
83004,random,86,0.96
83004,random,87,0.962
83004,random,88,0.963
83004,random,89,0.964
83004,random,90,0.965
83004,random,91,0.965
83004,random,92,0.967
83004,random,93,0.968
83004,random,94,0.971
83004,random,95,0.971
83004,random,96,0.973
83004,random,97,0.976
83004,random,98,0.977
83004,random,99,0.979
83004,random,100,0.982
83004,random,101,0.984
83004,random,102,0.985
83004,random,103,0.989
83004,random,104,0.99
83004,random,105,0.991
83004,random,106,0.992
83004,random,107,0.993
83004,random,108,0.994
83004,random,109,0.994
83004,random,110,0.994
83004,random,111,0.996
83004,random,112,0.996
83004,random,113,0.996
83004,random,114,0.998
83004,random,115,1.0
83004,random,116,1.0
83004,random,117,1.0
83004,random,118,1.0
83004,random,119,1.0
83004,random,120,1.0
83004,random,121,1.0
83004,random,122,1.0
83004,random,123,1.0
83004,random,124,1.0
83004,random,125,1.0
83004,diverse,1,0.076
83004,diverse,2,0.111
83004,diverse,3,0.147
83004,diverse,4,0.175
83004,diverse,5,0.212
83004,diverse,6,0.233
83004,diverse,7,0.256
83004,diverse,8,0.276
83004,diverse,9,0.3
83004,diverse,10,0.313
83004,diverse,11,0.322
83004,diverse,12,0.335
83004,diverse,13,0.348
83004,diverse,14,0.359
83004,diverse,15,0.378
83004,diverse,16,0.402
83004,diverse,17,0.418
83004,diverse,18,0.429
83004,diverse,19,0.447
83004,diverse,20,0.461
83004,diverse,21,0.479
83004,diverse,22,0.493
83004,diverse,23,0.507
83004,diverse,24,0.515
83004,diverse,25,0.528
83004,diverse,26,0.542
83004,diverse,27,0.555
83004,diverse,28,0.567
83004,diverse,29,0.576
83004,diverse,30,0.593
83004,diverse,31,0.602
83004,diverse,32,0.609
83004,diverse,33,0.617
83004,diverse,34,0.633
83004,diverse,35,0.649
83004,diverse,36,0.66
83004,diverse,37,0.674
83004,diverse,38,0.695
83004,diverse,39,0.711
83004,diverse,40,0.723
83004,diverse,41,0.732
83004,diverse,42,0.743
83004,diverse,43,0.75
83004,diverse,44,0.761
83004,diverse,45,0.773
83004,diverse,46,0.781
83004,diverse,47,0.79
83004,diverse,48,0.798
83004,diverse,49,0.803
83004,diverse,50,0.808
83004,diverse,51,0.813
83004,diverse,52,0.821
83004,diverse,53,0.828
83004,diverse,54,0.836
83004,diverse,55,0.838
83004,diverse,56,0.845
83004,diverse,57,0.847
83004,diverse,58,0.851
83004,diverse,59,0.858
83004,diverse,60,0.862
83004,diverse,61,0.869
83004,diverse,62,0.871
83004,diverse,63,0.876
83004,diverse,64,0.878
83004,diverse,65,0.887
83004,diverse,66,0.888
83004,diverse,67,0.893
83004,diverse,68,0.899
83004,diverse,69,0.9
83004,diverse,70,0.902
83004,diverse,71,0.905
83004,diverse,72,0.906
83004,diverse,73,0.907
83004,diverse,74,0.91
83004,diverse,75,0.913
83004,diverse,76,0.917
83004,diverse,77,0.922
83004,diverse,78,0.923
83004,diverse,79,0.925
83004,diverse,80,0.927
83004,diverse,81,0.929
83004,diverse,82,0.933
83004,diverse,83,0.935
83004,diverse,84,0.937
83004,diverse,85,0.939
83004,diverse,86,0.944
83004,diverse,87,0.945
83004,diverse,88,0.948
83004,diverse,89,0.951
83004,diverse,90,0.953
83004,diverse,91,0.953
83004,diverse,92,0.955
83004,diverse,93,0.957
83004,diverse,94,0.959
83004,diverse,95,0.961
83004,diverse,96,0.963
83004,diverse,97,0.965
83004,diverse,98,0.968
83004,diverse,99,0.969
83004,diverse,100,0.976
83004,diverse,101,0.978
83004,diverse,102,0.98
83004,diverse,103,0.981
83004,diverse,104,0.982
83004,diverse,105,0.983
83004,diverse,106,0.984
83004,diverse,107,0.987
83004,diverse,108,0.987
83004,diverse,109,0.988
83004,diverse,110,0.989
83004,diverse,111,0.99
83004,diverse,112,0.992
83004,diverse,113,0.993
83004,diverse,114,0.997
83004,diverse,115,0.998
83004,diverse,116,1.0
83004,diverse,117,1.0
83004,diverse,118,1.0
83004,diverse,119,1.0
83004,diverse,120,1.0
83004,diverse,121,1.0
83004,diverse,122,1.0
83004,diverse,123,1.0
83004,diverse,124,1.0
83004,diverse,125,1.0
83005,random,1,0.049
83005,random,2,0.109
83005,random,3,0.145
83005,random,4,0.166
83005,random,5,0.181
83005,random,6,0.21
83005,random,7,0.23
83005,random,8,0.252
83005,random,9,0.272
83005,random,10,0.286
83005,random,11,0.306
83005,random,12,0.322
83005,random,13,0.339
83005,random,14,0.359
83005,random,15,0.377
83005,random,16,0.39
83005,random,17,0.409
83005,random,18,0.427
83005,random,19,0.443
83005,random,20,0.456
83005,random,21,0.469
83005,random,22,0.481
83005,random,23,0.5
83005,random,24,0.511
83005,random,25,0.524
83005,random,26,0.537
83005,random,27,0.551
83005,random,28,0.567
83005,random,29,0.577
83005,random,30,0.59
83005,random,31,0.596
83005,random,32,0.606
83005,random,33,0.616
83005,random,34,0.628
83005,random,35,0.638
83005,random,36,0.646
83005,random,37,0.654
83005,random,38,0.664
83005,random,39,0.675
83005,random,40,0.688
83005,random,41,0.7
83005,random,42,0.708
83005,random,43,0.717
83005,random,44,0.731
83005,random,45,0.742
83005,random,46,0.75
83005,random,47,0.756
83005,random,48,0.763
83005,random,49,0.772
83005,random,50,0.776
83005,random,51,0.782
83005,random,52,0.796
83005,random,53,0.805
83005,random,54,0.811
83005,random,55,0.821
83005,random,56,0.829
83005,random,57,0.835
83005,random,58,0.838
83005,random,59,0.846
83005,random,60,0.851
83005,random,61,0.855
83005,random,62,0.86
83005,random,63,0.864
83005,random,64,0.868
83005,random,65,0.872
83005,random,66,0.877
83005,random,67,0.881
83005,random,68,0.882
83005,random,69,0.886
83005,random,70,0.894
83005,random,71,0.9
83005,random,72,0.9
83005,random,73,0.906
83005,random,74,0.908
83005,random,75,0.91
83005,random,76,0.917
83005,random,77,0.923
83005,random,78,0.93
83005,random,79,0.936
83005,random,80,0.937
83005,random,81,0.937
83005,random,82,0.94
83005,random,83,0.944
83005,random,84,0.944
83005,random,85,0.945
83005,random,86,0.95
83005,random,87,0.951
83005,random,88,0.953
83005,random,89,0.959
83005,random,90,0.96
83005,random,91,0.964
83005,random,92,0.967
83005,random,93,0.968
83005,random,94,0.969
83005,random,95,0.973
83005,random,96,0.973
83005,random,97,0.977
83005,random,98,0.977
83005,random,99,0.977
83005,random,100,0.98
83005,random,101,0.981
83005,random,102,0.982
83005,random,103,0.984
83005,random,104,0.985
83005,random,105,0.988
83005,random,106,0.99
83005,random,107,0.992
83005,random,108,0.992
83005,random,109,0.993
83005,random,110,0.993
83005,random,111,0.993
83005,random,112,0.993
83005,random,113,0.994
83005,random,114,0.995
83005,random,115,0.998
83005,random,116,0.998
83005,random,117,1.0
83005,random,118,1.0
83005,random,119,1.0
83005,random,120,1.0
83005,random,121,1.0
83005,random,122,1.0
83005,random,123,1.0
83005,random,124,1.0
83005,random,125,1.0
83005,diverse,1,0.069
83005,diverse,2,0.116
83005,diverse,3,0.146
83005,diverse,4,0.182
83005,diverse,5,0.203
83005,diverse,6,0.22
83005,diverse,7,0.242
83005,diverse,8,0.268
83005,diverse,9,0.289
83005,diverse,10,0.312
83005,diverse,11,0.337
83005,diverse,12,0.355
83005,diverse,13,0.365
83005,diverse,14,0.386
83005,diverse,15,0.405
83005,diverse,16,0.421
83005,diverse,17,0.435
83005,diverse,18,0.447
83005,diverse,19,0.465
83005,diverse,20,0.488
83005,diverse,21,0.501
83005,diverse,22,0.516
83005,diverse,23,0.524
83005,diverse,24,0.539
83005,diverse,25,0.55
83005,diverse,26,0.562
83005,diverse,27,0.58
83005,diverse,28,0.597
83005,diverse,29,0.6
83005,diverse,30,0.61
83005,diverse,31,0.626
83005,diverse,32,0.631
83005,diverse,33,0.634
83005,diverse,34,0.649
83005,diverse,35,0.66
83005,diverse,36,0.67
83005,diverse,37,0.677
83005,diverse,38,0.688
83005,diverse,39,0.699
83005,diverse,40,0.713
83005,diverse,41,0.718
83005,diverse,42,0.731
83005,diverse,43,0.739
83005,diverse,44,0.749
83005,diverse,45,0.758
83005,diverse,46,0.772
83005,diverse,47,0.779
83005,diverse,48,0.784
83005,diverse,49,0.791
83005,diverse,50,0.8
83005,diverse,51,0.805
83005,diverse,52,0.811
83005,diverse,53,0.817
83005,diverse,54,0.829
83005,diverse,55,0.84
83005,diverse,56,0.844
83005,diverse,57,0.847
83005,diverse,58,0.855
83005,diverse,59,0.862
83005,diverse,60,0.865
83005,diverse,61,0.868
83005,diverse,62,0.875
83005,diverse,63,0.883
83005,diverse,64,0.889
83005,diverse,65,0.892
83005,diverse,66,0.895
83005,diverse,67,0.9
83005,diverse,68,0.903
83005,diverse,69,0.906
83005,diverse,70,0.909
83005,diverse,71,0.913
83005,diverse,72,0.917
83005,diverse,73,0.918
83005,diverse,74,0.921
83005,diverse,75,0.922
83005,diverse,76,0.923
83005,diverse,77,0.929
83005,diverse,78,0.931
83005,diverse,79,0.933
83005,diverse,80,0.935
83005,diverse,81,0.938
83005,diverse,82,0.939
83005,diverse,83,0.941
83005,diverse,84,0.943
83005,diverse,85,0.946
83005,diverse,86,0.947
83005,diverse,87,0.948
83005,diverse,88,0.952
83005,diverse,89,0.955
83005,diverse,90,0.957
83005,diverse,91,0.96
83005,diverse,92,0.962
83005,diverse,93,0.963
83005,diverse,94,0.963
83005,diverse,95,0.966
83005,diverse,96,0.969
83005,diverse,97,0.969
83005,diverse,98,0.972
83005,diverse,99,0.975
83005,diverse,100,0.978
83005,diverse,101,0.98
83005,diverse,102,0.981
83005,diverse,103,0.982
83005,diverse,104,0.984
83005,diverse,105,0.984
83005,diverse,106,0.984
83005,diverse,107,0.984
83005,diverse,108,0.985
83005,diverse,109,0.987
83005,diverse,110,0.988
83005,diverse,111,0.989
83005,diverse,112,0.992
83005,diverse,113,0.995
83005,diverse,114,0.997
83005,diverse,115,0.999
83005,diverse,116,0.999
83005,diverse,117,1.0
83005,diverse,118,1.0
83005,diverse,119,1.0
83005,diverse,120,1.0
83005,diverse,121,1.0
83005,diverse,122,1.0
83005,diverse,123,1.0
83005,diverse,124,1.0
83005,diverse,125,1.0
