sampler,seed,block,step_end,sample_entropy_nats,collision_fraction,unique_answers,correct_entropy_positive_groups,positive_groups,all_wrong_fraction,mixed_fraction,all_correct_fraction,mean_reward,cumulative_tasks_reached,cumulative_unique_correct_programs
iid,0,1,25,0.17961672182346894,0.8871428571428571,1.48,,0,1.0,0.0,0.0,0.0,0,0
iid,0,2,50,0.4024395330092695,0.7157142857142859,1.84,,0,1.0,0.0,0.0,0.0,0,0
iid,0,3,75,0.3177639681356462,0.7742857142857141,1.64,0.0,1,0.96,0.04,0.0,0.005,1,1
iid,0,4,100,0.1898901073871379,0.8557142857142859,1.36,0.0,1,0.96,0.04,0.0,0.015,2,2
iid,0,5,125,0.2328873161004988,0.8385714285714286,1.52,0.0,5,0.8,0.04,0.16,0.17,7,4
iid,0,6,150,0.4297953643875324,0.7085714285714287,1.96,0.0,2,0.92,0.04,0.04,0.045,9,4
iid,0,7,175,0.23429626610108145,0.842857142857143,1.56,,0,1.0,0.0,0.0,0.0,9,4
iid,0,8,200,0.3314818915631595,0.7757142857142858,1.72,0.0,2,0.92,0.08,0.0,0.045,11,5
iid,0,9,225,0.3827634551048639,0.7542857142857141,1.92,0.0,2,0.92,0.04,0.04,0.045,13,6
iid,0,10,250,0.21772698432357557,0.8528571428571429,1.48,0.0,1,0.96,0.0,0.04,0.04,14,6
iid,0,11,275,0.2999313286620618,0.8,1.68,,0,1.0,0.0,0.0,0.0,14,6
iid,0,12,300,0.35708266559562996,0.7714285714285714,1.88,0.0,2,0.92,0.04,0.04,0.055,16,7
iid,0,13,325,0.3657131277691834,0.7457142857142859,1.8,0.0,2,0.92,0.04,0.04,0.045,18,7
iid,0,14,350,0.20119230513653402,0.86,1.44,0.0,2,0.92,0.0,0.08,0.08,20,7
iid,0,15,375,0.2612499231562962,0.8185714285714285,1.6,0.0,4,0.84,0.04,0.12,0.125,24,8
iid,0,16,400,0.1695527890295892,0.8871428571428571,1.4,0.0,1,0.96,0.04,0.0,0.03,25,8
iid,1,1,25,0.14098966693308623,0.9114285714285714,1.36,,0,1.0,0.0,0.0,0.0,0,0
iid,1,2,50,0.45814788947260915,0.7042857142857143,2.08,0.0,1,0.96,0.04,0.0,0.005,1,1
iid,1,3,75,0.26673841449166724,0.82,1.6,0.0,1,0.96,0.04,0.0,0.005,2,2
iid,1,4,100,0.2639771535891588,0.8314285714285715,1.64,0.0,1,0.96,0.04,0.0,0.035,3,3
iid,1,5,125,0.34097410923056176,0.7642857142857143,1.76,0.0,5,0.8,0.12,0.08,0.145,8,5
iid,1,6,150,0.42620580634000244,0.702857142857143,1.92,0.0,2,0.92,0.08,0.0,0.06,10,5
iid,1,7,175,0.19624986406625985,0.8542857142857142,1.36,,0,1.0,0.0,0.0,0.0,10,5
iid,1,8,200,0.36873345480178676,0.7357142857142857,1.76,0.0,2,0.92,0.04,0.04,0.045,12,6
iid,1,9,225,0.4432567057965015,0.6957142857142857,1.96,0.0,2,0.92,0.04,0.04,0.045,14,7
iid,1,10,250,0.2886297030334842,0.8,1.64,0.0,1,0.96,0.04,0.0,0.005,15,7
iid,1,11,275,0.21306621801240763,0.8614285714285714,1.52,,0,1.0,0.0,0.0,0.0,15,7
iid,1,12,300,0.3248410322457498,0.787142857142857,1.8,0.0,2,0.92,0.04,0.04,0.075,17,8
iid,1,13,325,0.2636405560938512,0.8100000000000002,1.52,0.0,1,0.96,0.0,0.04,0.04,18,8
iid,1,14,350,0.23535910875645438,0.84,1.56,0.0,3,0.88,0.04,0.08,0.095,21,8
iid,1,15,375,0.33105576874118603,0.77,1.72,0.0,5,0.8,0.08,0.12,0.14,26,8
iid,1,16,400,0.20168400478624793,0.8614285714285715,1.48,0.0,1,0.96,0.04,0.0,0.005,27,8
iid,2,1,25,0.29349212862699475,0.8014285714285714,1.68,0.0,1,0.96,0.04,0.0,0.005,1,1
iid,2,2,50,0.40920146401143964,0.7285714285714288,1.92,0.0,1,0.96,0.04,0.0,0.005,2,2
iid,2,3,75,0.2841694517630219,0.807142857142857,1.64,,0,1.0,0.0,0.0,0.0,2,2
iid,2,4,100,0.17840885898441042,0.8771428571428572,1.4,0.0,1,0.96,0.04,0.0,0.035,3,3
iid,2,5,125,0.3570271707386099,0.7571428571428571,1.8,0.0,5,0.8,0.04,0.16,0.18,8,5
iid,2,6,150,0.3278028081889638,0.7685714285714286,1.68,0.0,2,0.92,0.0,0.08,0.08,10,5
iid,2,7,175,0.22701925907109077,0.8414285714285714,1.52,,0,1.0,0.0,0.0,0.0,10,5
iid,2,8,200,0.26521904689786313,0.8057142857142857,1.52,0.0,2,0.92,0.04,0.04,0.045,12,6
iid,2,9,225,0.4197565243342148,0.7142857142857142,1.92,0.0,1,0.96,0.0,0.04,0.04,13,7
iid,2,10,250,0.367492133613901,0.7514285714285713,1.84,0.0,1,0.96,0.04,0.0,0.025,14,7
iid,2,11,275,0.3007381614197092,0.787142857142857,1.64,,0,1.0,0.0,0.0,0.0,14,7
iid,2,12,300,0.4775339270096433,0.7,2.2,0.0,2,0.92,0.04,0.04,0.055,16,8
iid,2,13,325,0.286269472212387,0.8085714285714287,1.64,0.0,1,0.96,0.0,0.04,0.04,17,8
iid,2,14,350,0.2927444190795553,0.7928571428571429,1.64,0.0,3,0.88,0.04,0.08,0.085,20,8
iid,2,15,375,0.26613629724873195,0.8028571428571428,1.52,0.0,6,0.76,0.12,0.12,0.175,26,9
iid,2,16,400,0.2152008410522371,0.8485714285714286,1.48,0.0,1,0.96,0.0,0.04,0.04,27,9
prefix,0,1,25,1.4850339567662365,0.17571428571428577,5.32,0.0,4,0.84,0.16,0.0,0.02,4,4
prefix,0,2,50,1.509226352918943,0.16857142857142862,5.44,0.0,3,0.88,0.12,0.0,0.015,7,5
prefix,0,3,75,1.4607060502797469,0.18428571428571433,5.24,0.0,6,0.76,0.24,0.0,0.03,13,6
prefix,0,4,100,1.497979650026567,0.17285714285714285,5.4,0.0,9,0.64,0.36,0.0,0.06,22,8
prefix,0,5,125,1.4970623996756978,0.17285714285714288,5.4,0.0,7,0.72,0.28,0.0,0.095,29,8
prefix,0,6,150,1.4927471685889213,0.17000000000000004,5.32,0.0,6,0.76,0.24,0.0,0.045,35,9
prefix,0,7,175,1.5161578247245422,0.16428571428571434,5.44,0.0,6,0.76,0.24,0.0,0.03,41,12
prefix,0,8,200,1.5213903061621878,0.16142857142857145,5.44,0.0,7,0.72,0.28,0.0,0.055,48,14
prefix,0,9,225,1.4858156967833218,0.1742857142857143,5.32,0.08033359208840118,7,0.72,0.28,0.0,0.065,55,16
prefix,0,10,250,1.446843106668548,0.18714285714285717,5.16,0.0,4,0.84,0.16,0.0,0.03,59,17
prefix,0,11,275,1.5291035179848727,0.15857142857142859,5.48,0.0,7,0.72,0.28,0.0,0.035,66,18
prefix,0,12,300,1.5039938714812973,0.16857142857142857,5.4,0.0,6,0.76,0.24,0.0,0.055,72,19
prefix,0,13,325,1.4841167064153677,0.17571428571428574,5.32,0.0,8,0.68,0.32,0.0,0.055,80,20
prefix,0,14,350,1.446843106668548,0.19000000000000003,5.2,0.07701635339554948,9,0.64,0.36,0.0,0.08,89,21
prefix,0,15,375,1.5230892965301417,0.16285714285714284,5.48,0.0,12,0.52,0.48,0.0,0.14,101,23
prefix,0,16,400,1.4451441163005938,0.19142857142857145,5.2,0.0,7,0.72,0.28,0.0,0.05,108,23
prefix,1,1,25,1.4590070599117928,0.18571428571428578,5.24,0.0,4,0.84,0.16,0.0,0.02,4,4
prefix,1,2,50,1.5369522401413405,0.15714285714285717,5.52,0.0,5,0.8,0.2,0.0,0.025,9,6
prefix,1,3,75,1.5109253432868965,0.1642857142857143,5.4,0.0,7,0.72,0.28,0.0,0.035,16,8
prefix,1,4,100,1.4788842249777223,0.17571428571428574,5.28,0.0,9,0.64,0.36,0.0,0.055,25,10
prefix,1,5,125,1.5300207683357412,0.15571428571428572,5.44,0.0,9,0.64,0.36,0.0,0.09,34,12
prefix,1,6,150,1.4728700035229918,0.18,5.28,0.0,6,0.76,0.24,0.0,0.06,40,12
prefix,1,7,175,1.5022948811133432,0.17000000000000004,5.4,0.0,4,0.84,0.16,0.0,0.02,44,14
prefix,1,8,200,1.5049111218321662,0.16857142857142862,5.4,0.0,4,0.84,0.16,0.0,0.02,48,15
prefix,1,9,225,1.4979796500265667,0.16714285714285718,5.32,0.10008048470763757,5,0.8,0.2,0.0,0.045,53,16
prefix,1,10,250,1.4970623996756978,0.17,5.36,0.0,5,0.8,0.2,0.0,0.025,58,17
prefix,1,11,275,1.4745689938909459,0.18142857142857147,5.32,0.0,6,0.76,0.24,0.0,0.03,64,18
prefix,1,12,300,1.4754862442418144,0.1785714285714286,5.28,0.0,4,0.84,0.16,0.0,0.05,68,20
prefix,1,13,325,1.495363409307744,0.17142857142857146,5.36,0.0,5,0.8,0.2,0.0,0.04,73,21
prefix,1,14,350,1.482417716047414,0.17714285714285719,5.32,0.08664339756999316,8,0.68,0.32,0.0,0.09,81,22
prefix,1,15,375,1.454691828825016,0.1885714285714286,5.24,0.0,9,0.64,0.36,0.0,0.105,90,23
prefix,1,16,400,1.517075075075411,0.16714285714285715,5.48,0.0,6,0.76,0.24,0.0,0.035,96,24
prefix,2,1,25,1.4616233006306154,0.1871428571428572,5.28,0.0,4,0.84,0.16,0.0,0.02,4,4
prefix,2,2,50,1.4659385317173925,0.18142857142857147,5.24,0.0,6,0.76,0.24,0.0,0.03,10,7
prefix,2,3,75,1.4382126444949948,0.1928571428571429,5.16,0.0,7,0.72,0.28,0.0,0.035,17,8
prefix,2,4,100,1.507527362550989,0.16714285714285715,5.4,0.0,7,0.72,0.28,0.0,0.045,24,9
prefix,2,5,125,1.492747168588921,0.17285714285714288,5.36,0.0,8,0.68,0.32,0.0,0.085,32,12
prefix,2,6,150,1.4936644189397899,0.17571428571428574,5.4,0.0,5,0.8,0.2,0.0,0.05,37,13
prefix,2,7,175,1.5126243336548506,0.16571428571428576,5.44,0.0,3,0.88,0.12,0.0,0.015,40,14
prefix,2,8,200,1.5369522401413405,0.15714285714285717,5.52,0.0,5,0.8,0.2,0.0,0.035,45,15
prefix,2,9,225,1.518774065443365,0.1628571428571429,5.44,0.08340040392303132,6,0.76,0.24,0.0,0.05,51,17
prefix,2,10,250,1.5178568150924963,0.16571428571428573,5.48,0.0,5,0.8,0.2,0.0,0.03,56,19
prefix,2,11,275,1.5144588343565883,0.16857142857142862,5.48,0.0,8,0.68,0.32,0.0,0.04,64,21
prefix,2,12,300,1.542184721578986,0.1571428571428572,5.56,0.0,5,0.8,0.2,0.0,0.04,69,22
prefix,2,13,325,1.4616233006306159,0.1842857142857143,5.24,0.0,6,0.76,0.24,0.0,0.045,75,23
prefix,2,14,350,1.5542131644884476,0.15142857142857147,5.6,0.07701635339554948,9,0.64,0.36,0.0,0.09,84,23
prefix,2,15,375,1.5161578247245422,0.16142857142857142,5.4,0.0,9,0.64,0.36,0.0,0.095,93,23
prefix,2,16,400,1.4131029979914194,0.20285714285714287,5.08,0.0,7,0.72,0.28,0.0,0.05,100,24
