seed,arm,k,hit_k
0,control,1,0.015
0,control,2,0.037
0,control,3,0.052
0,control,4,0.072
0,control,5,0.095
0,control,6,0.125
0,control,7,0.157
0,control,8,0.172
0,control,9,0.187
0,control,10,0.202
0,control,11,0.212
0,control,12,0.224
0,control,13,0.234
0,control,14,0.241
0,control,15,0.251
0,control,16,0.27
0,control,17,0.275
0,control,18,0.284
0,control,19,0.294
0,control,20,0.311
0,control,21,0.324
0,control,22,0.338
0,control,23,0.356
0,control,24,0.372
0,control,25,0.386
0,control,26,0.4
0,control,27,0.416
0,control,28,0.434
0,control,29,0.455
0,control,30,0.465
0,control,31,0.482
0,control,32,0.496
0,control,33,0.509
0,control,34,0.521
0,control,35,0.532
0,control,36,0.541
0,control,37,0.551
0,control,38,0.563
0,control,39,0.568
0,control,40,0.584
0,control,41,0.595
0,control,42,0.604
0,control,43,0.611
0,control,44,0.618
0,control,45,0.622
0,control,46,0.628
0,control,47,0.636
0,control,48,0.645
0,control,49,0.652
0,control,50,0.655
0,control,51,0.656
0,control,52,0.666
0,control,53,0.672
0,control,54,0.678
0,control,55,0.688
0,control,56,0.693
0,control,57,0.696
0,control,58,0.702
0,control,59,0.707
0,control,60,0.717
0,control,61,0.722
0,control,62,0.729
0,control,63,0.736
0,control,64,0.744
0,control,65,0.751
0,control,66,0.753
0,control,67,0.756
0,control,68,0.762
0,control,69,0.766
0,control,70,0.77
0,control,71,0.775
0,control,72,0.778
0,control,73,0.785
0,control,74,0.79
0,control,75,0.796
0,control,76,0.804
0,control,77,0.808
0,control,78,0.814
0,control,79,0.819
0,control,80,0.82
0,control,81,0.823
0,control,82,0.824
0,control,83,0.83
0,control,84,0.839
0,control,85,0.845
0,control,86,0.855
0,control,87,0.861
0,control,88,0.871
0,control,89,0.876
0,control,90,0.884
0,control,91,0.891
0,control,92,0.893
0,control,93,0.896
0,control,94,0.903
0,control,95,0.909
0,control,96,0.91
0,control,97,0.915
0,control,98,0.918
0,control,99,0.924
0,control,100,0.928
0,control,101,0.933
0,control,102,0.933
0,control,103,0.934
0,control,104,0.939
0,control,105,0.943
0,control,106,0.945
0,control,107,0.947
0,control,108,0.949
0,control,109,0.956
0,control,110,0.959
0,control,111,0.962
0,control,112,0.966
0,control,113,0.972
0,control,114,0.975
0,control,115,0.978
0,control,116,0.985
0,control,117,0.986
0,control,118,0.99
0,control,119,0.992
0,control,120,0.995
0,control,121,0.999
0,control,122,1.0
0,control,123,1.0
0,control,124,1.0
0,control,125,1.0
0,entropy,1,0.011
0,entropy,2,0.039
0,entropy,3,0.059
0,entropy,4,0.078
0,entropy,5,0.093
0,entropy,6,0.114
0,entropy,7,0.152
0,entropy,8,0.174
0,entropy,9,0.188
0,entropy,10,0.203
0,entropy,11,0.216
0,entropy,12,0.229
0,entropy,13,0.238
0,entropy,14,0.247
0,entropy,15,0.255
0,entropy,16,0.265
0,entropy,17,0.271
0,entropy,18,0.291
0,entropy,19,0.296
0,entropy,20,0.306
0,entropy,21,0.317
0,entropy,22,0.333
0,entropy,23,0.347
0,entropy,24,0.359
0,entropy,25,0.371
0,entropy,26,0.389
0,entropy,27,0.41
0,entropy,28,0.419
0,entropy,29,0.433
0,entropy,30,0.449
0,entropy,31,0.461
0,entropy,32,0.477
0,entropy,33,0.489
0,entropy,34,0.502
0,entropy,35,0.511
0,entropy,36,0.521
0,entropy,37,0.535
0,entropy,38,0.543
0,entropy,39,0.55
0,entropy,40,0.567
0,entropy,41,0.581
0,entropy,42,0.588
0,entropy,43,0.594
0,entropy,44,0.599
0,entropy,45,0.607
0,entropy,46,0.61
0,entropy,47,0.619
0,entropy,48,0.63
0,entropy,49,0.639
0,entropy,50,0.646
0,entropy,51,0.651
0,entropy,52,0.656
0,entropy,53,0.661
0,entropy,54,0.668
0,entropy,55,0.675
0,entropy,56,0.684
0,entropy,57,0.692
0,entropy,58,0.699
0,entropy,59,0.705
0,entropy,60,0.71
0,entropy,61,0.716
0,entropy,62,0.721
0,entropy,63,0.727
0,entropy,64,0.729
0,entropy,65,0.732
0,entropy,66,0.737
0,entropy,67,0.746
0,entropy,68,0.754
0,entropy,69,0.757
0,entropy,70,0.76
0,entropy,71,0.761
0,entropy,72,0.771
0,entropy,73,0.778
0,entropy,74,0.786
0,entropy,75,0.794
0,entropy,76,0.806
0,entropy,77,0.812
0,entropy,78,0.82
0,entropy,79,0.824
0,entropy,80,0.831
0,entropy,81,0.837
0,entropy,82,0.84
0,entropy,83,0.843
0,entropy,84,0.846
0,entropy,85,0.855
0,entropy,86,0.859
0,entropy,87,0.861
0,entropy,88,0.864
0,entropy,89,0.868
0,entropy,90,0.872
0,entropy,91,0.882
0,entropy,92,0.889
0,entropy,93,0.893
0,entropy,94,0.894
0,entropy,95,0.901
0,entropy,96,0.909
0,entropy,97,0.916
0,entropy,98,0.919
0,entropy,99,0.923
0,entropy,100,0.926
0,entropy,101,0.93
0,entropy,102,0.935
0,entropy,103,0.94
0,entropy,104,0.941
0,entropy,105,0.946
0,entropy,106,0.951
0,entropy,107,0.953
0,entropy,108,0.96
0,entropy,109,0.963
0,entropy,110,0.966
0,entropy,111,0.968
0,entropy,112,0.97
0,entropy,113,0.973
0,entropy,114,0.976
0,entropy,115,0.977
0,entropy,116,0.979
0,entropy,117,0.983
0,entropy,118,0.986
0,entropy,119,0.99
0,entropy,120,0.993
0,entropy,121,0.996
0,entropy,122,0.998
0,entropy,123,1.0
0,entropy,124,1.0
0,entropy,125,1.0
2,control,1,0.024
2,control,2,0.046
2,control,3,0.07
2,control,4,0.099
2,control,5,0.118
2,control,6,0.136
2,control,7,0.152
2,control,8,0.168
2,control,9,0.191
2,control,10,0.205
2,control,11,0.215
2,control,12,0.221
2,control,13,0.232
2,control,14,0.238
2,control,15,0.251
2,control,16,0.265
2,control,17,0.276
2,control,18,0.286
2,control,19,0.305
2,control,20,0.322
2,control,21,0.338
2,control,22,0.348
2,control,23,0.363
2,control,24,0.376
2,control,25,0.382
2,control,26,0.397
2,control,27,0.415
2,control,28,0.429
2,control,29,0.448
2,control,30,0.463
2,control,31,0.475
2,control,32,0.484
2,control,33,0.499
2,control,34,0.522
2,control,35,0.534
2,control,36,0.547
2,control,37,0.556
2,control,38,0.566
2,control,39,0.572
2,control,40,0.585
2,control,41,0.59
2,control,42,0.598
2,control,43,0.605
2,control,44,0.611
2,control,45,0.616
2,control,46,0.628
2,control,47,0.635
2,control,48,0.642
2,control,49,0.65
2,control,50,0.658
2,control,51,0.665
2,control,52,0.673
2,control,53,0.68
2,control,54,0.686
2,control,55,0.689
2,control,56,0.693
2,control,57,0.697
2,control,58,0.704
2,control,59,0.708
2,control,60,0.712
2,control,61,0.714
2,control,62,0.72
2,control,63,0.721
2,control,64,0.726
2,control,65,0.733
2,control,66,0.734
2,control,67,0.739
2,control,68,0.746
2,control,69,0.75
2,control,70,0.752
2,control,71,0.754
2,control,72,0.759
2,control,73,0.766
2,control,74,0.766
2,control,75,0.772
2,control,76,0.776
2,control,77,0.783
2,control,78,0.789
2,control,79,0.792
2,control,80,0.795
2,control,81,0.803
2,control,82,0.806
2,control,83,0.814
2,control,84,0.823
2,control,85,0.826
2,control,86,0.833
2,control,87,0.834
2,control,88,0.842
2,control,89,0.847
2,control,90,0.849
2,control,91,0.855
2,control,92,0.861
2,control,93,0.865
2,control,94,0.871
2,control,95,0.879
2,control,96,0.884
2,control,97,0.889
2,control,98,0.89
2,control,99,0.896
2,control,100,0.901
2,control,101,0.903
2,control,102,0.908
2,control,103,0.915
2,control,104,0.919
2,control,105,0.924
2,control,106,0.932
2,control,107,0.941
2,control,108,0.948
2,control,109,0.958
2,control,110,0.961
2,control,111,0.967
2,control,112,0.968
2,control,113,0.974
2,control,114,0.978
2,control,115,0.98
2,control,116,0.983
2,control,117,0.984
2,control,118,0.987
2,control,119,0.99
2,control,120,0.996
2,control,121,0.998
2,control,122,1.0
2,control,123,1.0
2,control,124,1.0
2,control,125,1.0
2,entropy,1,0.023
2,entropy,2,0.041
2,entropy,3,0.057
2,entropy,4,0.085
2,entropy,5,0.113
2,entropy,6,0.14
2,entropy,7,0.16
2,entropy,8,0.168
2,entropy,9,0.184
2,entropy,10,0.199
2,entropy,11,0.207
2,entropy,12,0.22
2,entropy,13,0.231
2,entropy,14,0.242
2,entropy,15,0.258
2,entropy,16,0.265
2,entropy,17,0.277
2,entropy,18,0.29
2,entropy,19,0.303
2,entropy,20,0.32
2,entropy,21,0.336
2,entropy,22,0.349
2,entropy,23,0.362
2,entropy,24,0.374
2,entropy,25,0.391
2,entropy,26,0.402
2,entropy,27,0.421
2,entropy,28,0.432
2,entropy,29,0.449
2,entropy,30,0.467
2,entropy,31,0.478
2,entropy,32,0.493
2,entropy,33,0.506
2,entropy,34,0.523
2,entropy,35,0.538
2,entropy,36,0.546
2,entropy,37,0.558
2,entropy,38,0.558
2,entropy,39,0.566
2,entropy,40,0.574
2,entropy,41,0.588
2,entropy,42,0.597
2,entropy,43,0.607
2,entropy,44,0.616
2,entropy,45,0.62
2,entropy,46,0.631
2,entropy,47,0.637
2,entropy,48,0.642
2,entropy,49,0.651
2,entropy,50,0.655
2,entropy,51,0.658
2,entropy,52,0.667
2,entropy,53,0.671
2,entropy,54,0.679
2,entropy,55,0.687
2,entropy,56,0.692
2,entropy,57,0.697
2,entropy,58,0.699
2,entropy,59,0.704
2,entropy,60,0.709
2,entropy,61,0.714
2,entropy,62,0.716
2,entropy,63,0.722
2,entropy,64,0.729
2,entropy,65,0.73
2,entropy,66,0.736
2,entropy,67,0.738
2,entropy,68,0.741
2,entropy,69,0.747
2,entropy,70,0.751
2,entropy,71,0.757
2,entropy,72,0.76
2,entropy,73,0.764
2,entropy,74,0.768
2,entropy,75,0.776
2,entropy,76,0.785
2,entropy,77,0.793
2,entropy,78,0.795
2,entropy,79,0.801
2,entropy,80,0.804
2,entropy,81,0.812
2,entropy,82,0.818
2,entropy,83,0.825
2,entropy,84,0.827
2,entropy,85,0.831
2,entropy,86,0.832
2,entropy,87,0.836
2,entropy,88,0.84
2,entropy,89,0.846
2,entropy,90,0.852
2,entropy,91,0.855
2,entropy,92,0.862
2,entropy,93,0.866
2,entropy,94,0.872
2,entropy,95,0.88
2,entropy,96,0.882
2,entropy,97,0.885
2,entropy,98,0.89
2,entropy,99,0.895
2,entropy,100,0.904
2,entropy,101,0.911
2,entropy,102,0.915
2,entropy,103,0.92
2,entropy,104,0.925
2,entropy,105,0.932
2,entropy,106,0.939
2,entropy,107,0.943
2,entropy,108,0.948
2,entropy,109,0.953
2,entropy,110,0.958
2,entropy,111,0.961
2,entropy,112,0.965
2,entropy,113,0.969
2,entropy,114,0.973
2,entropy,115,0.977
2,entropy,116,0.982
2,entropy,117,0.985
2,entropy,118,0.989
2,entropy,119,0.993
2,entropy,120,0.998
2,entropy,121,1.0
2,entropy,122,1.0
2,entropy,123,1.0
2,entropy,124,1.0
2,entropy,125,1.0
1,control,1,0.014
1,control,2,0.033
1,control,3,0.054
1,control,4,0.078
1,control,5,0.099
1,control,6,0.122
1,control,7,0.157
1,control,8,0.173
1,control,9,0.185
1,control,10,0.198
1,control,11,0.209
1,control,12,0.221
1,control,13,0.238
1,control,14,0.253
1,control,15,0.26
1,control,16,0.269
1,control,17,0.28
1,control,18,0.293
1,control,19,0.307
1,control,20,0.313
1,control,21,0.327
1,control,22,0.338
1,control,23,0.35
1,control,24,0.366
1,control,25,0.382
1,control,26,0.4
1,control,27,0.416
1,control,28,0.431
1,control,29,0.445
1,control,30,0.456
1,control,31,0.477
1,control,32,0.503
1,control,33,0.515
1,control,34,0.526
1,control,35,0.534
1,control,36,0.544
1,control,37,0.556
1,control,38,0.561
1,control,39,0.573
1,control,40,0.582
1,control,41,0.593
1,control,42,0.602
1,control,43,0.612
1,control,44,0.619
1,control,45,0.629
1,control,46,0.634
1,control,47,0.644
1,control,48,0.651
1,control,49,0.655
1,control,50,0.66
1,control,51,0.664
1,control,52,0.673
1,control,53,0.678
1,control,54,0.683
1,control,55,0.691
1,control,56,0.697
1,control,57,0.705
1,control,58,0.71
1,control,59,0.715
1,control,60,0.721
1,control,61,0.721
1,control,62,0.727
1,control,63,0.734
1,control,64,0.741
1,control,65,0.749
1,control,66,0.752
1,control,67,0.76
1,control,68,0.764
1,control,69,0.771
1,control,70,0.774
1,control,71,0.782
1,control,72,0.788
1,control,73,0.795
1,control,74,0.802
1,control,75,0.806
1,control,76,0.814
1,control,77,0.819
1,control,78,0.823
1,control,79,0.828
1,control,80,0.836
1,control,81,0.84
1,control,82,0.846
1,control,83,0.851
1,control,84,0.854
1,control,85,0.858
1,control,86,0.863
1,control,87,0.865
1,control,88,0.875
1,control,89,0.88
1,control,90,0.886
1,control,91,0.891
1,control,92,0.904
1,control,93,0.909
1,control,94,0.911
1,control,95,0.912
1,control,96,0.917
1,control,97,0.922
1,control,98,0.925
1,control,99,0.931
1,control,100,0.935
1,control,101,0.937
1,control,102,0.939
1,control,103,0.942
1,control,104,0.944
1,control,105,0.949
1,control,106,0.95
1,control,107,0.954
1,control,108,0.959
1,control,109,0.966
1,control,110,0.967
1,control,111,0.97
1,control,112,0.972
1,control,113,0.975
1,control,114,0.979
1,control,115,0.981
1,control,116,0.985
1,control,117,0.989
1,control,118,0.994
1,control,119,0.995
1,control,120,0.999
1,control,121,0.999
1,control,122,1.0
1,control,123,1.0
1,control,124,1.0
1,control,125,1.0
1,entropy,1,0.014
1,entropy,2,0.035
1,entropy,3,0.048
1,entropy,4,0.077
1,entropy,5,0.095
1,entropy,6,0.117
1,entropy,7,0.153
1,entropy,8,0.167
1,entropy,9,0.182
1,entropy,10,0.192
1,entropy,11,0.205
1,entropy,12,0.223
1,entropy,13,0.237
1,entropy,14,0.252
1,entropy,15,0.267
1,entropy,16,0.278
1,entropy,17,0.285
1,entropy,18,0.299
1,entropy,19,0.316
1,entropy,20,0.324
1,entropy,21,0.334
1,entropy,22,0.341
1,entropy,23,0.361
1,entropy,24,0.381
1,entropy,25,0.396
1,entropy,26,0.409
1,entropy,27,0.423
1,entropy,28,0.441
1,entropy,29,0.457
1,entropy,30,0.471
1,entropy,31,0.48
1,entropy,32,0.496
1,entropy,33,0.509
1,entropy,34,0.52
1,entropy,35,0.535
1,entropy,36,0.54
1,entropy,37,0.545
1,entropy,38,0.554
1,entropy,39,0.566
1,entropy,40,0.575
1,entropy,41,0.583
1,entropy,42,0.59
1,entropy,43,0.598
1,entropy,44,0.61
1,entropy,45,0.617
1,entropy,46,0.627
1,entropy,47,0.632
1,entropy,48,0.64
1,entropy,49,0.645
1,entropy,50,0.653
1,entropy,51,0.66
1,entropy,52,0.67
1,entropy,53,0.676
1,entropy,54,0.679
1,entropy,55,0.687
1,entropy,56,0.693
1,entropy,57,0.7
1,entropy,58,0.704
1,entropy,59,0.708
1,entropy,60,0.714
1,entropy,61,0.719
1,entropy,62,0.719
1,entropy,63,0.727
1,entropy,64,0.733
1,entropy,65,0.737
1,entropy,66,0.741
1,entropy,67,0.748
1,entropy,68,0.751
1,entropy,69,0.756
1,entropy,70,0.76
1,entropy,71,0.763
1,entropy,72,0.767
1,entropy,73,0.77
1,entropy,74,0.774
1,entropy,75,0.78
1,entropy,76,0.787
1,entropy,77,0.795
1,entropy,78,0.798
1,entropy,79,0.802
1,entropy,80,0.803
1,entropy,81,0.809
1,entropy,82,0.812
1,entropy,83,0.814
1,entropy,84,0.82
1,entropy,85,0.83
1,entropy,86,0.838
1,entropy,87,0.844
1,entropy,88,0.847
1,entropy,89,0.848
1,entropy,90,0.857
1,entropy,91,0.869
1,entropy,92,0.878
1,entropy,93,0.88
1,entropy,94,0.887
1,entropy,95,0.891
1,entropy,96,0.898
1,entropy,97,0.901
1,entropy,98,0.906
1,entropy,99,0.912
1,entropy,100,0.922
1,entropy,101,0.925
1,entropy,102,0.927
1,entropy,103,0.932
1,entropy,104,0.937
1,entropy,105,0.94
1,entropy,106,0.944
1,entropy,107,0.951
1,entropy,108,0.953
1,entropy,109,0.958
1,entropy,110,0.963
1,entropy,111,0.967
1,entropy,112,0.971
1,entropy,113,0.975
1,entropy,114,0.977
1,entropy,115,0.982
1,entropy,116,0.986
1,entropy,117,0.989
1,entropy,118,0.992
1,entropy,119,0.994
1,entropy,120,0.999
1,entropy,121,0.999
1,entropy,122,1.0
1,entropy,123,1.0
1,entropy,124,1.0
1,entropy,125,1.0
