replicate,arm,k,hit_fraction
0,atomic_control,1,0.023
0,atomic_control,2,0.028
0,atomic_control,3,0.033
0,atomic_control,4,0.046
0,atomic_control,5,0.064
0,atomic_control,6,0.096
0,atomic_control,7,0.109
0,atomic_control,8,0.128
0,atomic_control,9,0.149
0,atomic_control,10,0.162
0,atomic_control,11,0.176
0,atomic_control,12,0.187
0,atomic_control,13,0.194
0,atomic_control,14,0.206
0,atomic_control,15,0.215
0,atomic_control,16,0.224
0,atomic_control,17,0.233
0,atomic_control,18,0.24
0,atomic_control,19,0.249
0,atomic_control,20,0.257
0,atomic_control,21,0.27
0,atomic_control,22,0.284
0,atomic_control,23,0.299
0,atomic_control,24,0.311
0,atomic_control,25,0.33
0,atomic_control,26,0.343
0,atomic_control,27,0.36
0,atomic_control,28,0.376
0,atomic_control,29,0.389
0,atomic_control,30,0.411
0,atomic_control,31,0.426
0,atomic_control,32,0.435
0,atomic_control,33,0.451
0,atomic_control,34,0.463
0,atomic_control,35,0.478
0,atomic_control,36,0.496
0,atomic_control,37,0.512
0,atomic_control,38,0.526
0,atomic_control,39,0.541
0,atomic_control,40,0.549
0,atomic_control,41,0.557
0,atomic_control,42,0.565
0,atomic_control,43,0.578
0,atomic_control,44,0.584
0,atomic_control,45,0.598
0,atomic_control,46,0.605
0,atomic_control,47,0.613
0,atomic_control,48,0.621
0,atomic_control,49,0.631
0,atomic_control,50,0.637
0,atomic_control,51,0.651
0,atomic_control,52,0.659
0,atomic_control,53,0.668
0,atomic_control,54,0.682
0,atomic_control,55,0.69
0,atomic_control,56,0.696
0,atomic_control,57,0.706
0,atomic_control,58,0.711
0,atomic_control,59,0.727
0,atomic_control,60,0.735
0,atomic_control,61,0.739
0,atomic_control,62,0.741
0,atomic_control,63,0.746
0,atomic_control,64,0.751
0,atomic_control,65,0.753
0,atomic_control,66,0.756
0,atomic_control,67,0.768
0,atomic_control,68,0.772
0,atomic_control,69,0.778
0,atomic_control,70,0.782
0,atomic_control,71,0.783
0,atomic_control,72,0.789
0,atomic_control,73,0.794
0,atomic_control,74,0.8
0,atomic_control,75,0.802
0,atomic_control,76,0.808
0,atomic_control,77,0.81
0,atomic_control,78,0.815
0,atomic_control,79,0.818
0,atomic_control,80,0.826
0,atomic_control,81,0.827
0,atomic_control,82,0.832
0,atomic_control,83,0.839
0,atomic_control,84,0.841
0,atomic_control,85,0.844
0,atomic_control,86,0.852
0,atomic_control,87,0.86
0,atomic_control,88,0.863
0,atomic_control,89,0.865
0,atomic_control,90,0.87
0,atomic_control,91,0.871
0,atomic_control,92,0.877
0,atomic_control,93,0.884
0,atomic_control,94,0.888
0,atomic_control,95,0.897
0,atomic_control,96,0.905
0,atomic_control,97,0.911
0,atomic_control,98,0.917
0,atomic_control,99,0.923
0,atomic_control,100,0.928
0,atomic_control,101,0.93
0,atomic_control,102,0.93
0,atomic_control,103,0.932
0,atomic_control,104,0.937
0,atomic_control,105,0.943
0,atomic_control,106,0.945
0,atomic_control,107,0.949
0,atomic_control,108,0.95
0,atomic_control,109,0.954
0,atomic_control,110,0.958
0,atomic_control,111,0.96
0,atomic_control,112,0.961
0,atomic_control,113,0.964
0,atomic_control,114,0.965
0,atomic_control,115,0.971
0,atomic_control,116,0.973
0,atomic_control,117,0.978
0,atomic_control,118,0.988
0,atomic_control,119,0.992
0,atomic_control,120,0.996
0,atomic_control,121,0.999
0,atomic_control,122,1.0
0,atomic_control,123,1.0
0,atomic_control,124,1.0
0,atomic_control,125,1.0
0,composition_distill,1,0.1
0,composition_distill,2,0.156
0,composition_distill,3,0.211
0,composition_distill,4,0.246
0,composition_distill,5,0.276
0,composition_distill,6,0.31
0,composition_distill,7,0.33
0,composition_distill,8,0.358
0,composition_distill,9,0.381
0,composition_distill,10,0.413
0,composition_distill,11,0.44
0,composition_distill,12,0.455
0,composition_distill,13,0.469
0,composition_distill,14,0.488
0,composition_distill,15,0.508
0,composition_distill,16,0.527
0,composition_distill,17,0.544
0,composition_distill,18,0.553
0,composition_distill,19,0.57
0,composition_distill,20,0.582
0,composition_distill,21,0.591
0,composition_distill,22,0.6
0,composition_distill,23,0.613
0,composition_distill,24,0.63
0,composition_distill,25,0.648
0,composition_distill,26,0.661
0,composition_distill,27,0.677
0,composition_distill,28,0.689
0,composition_distill,29,0.703
0,composition_distill,30,0.711
0,composition_distill,31,0.725
0,composition_distill,32,0.737
0,composition_distill,33,0.751
0,composition_distill,34,0.759
0,composition_distill,35,0.77
0,composition_distill,36,0.787
0,composition_distill,37,0.803
0,composition_distill,38,0.814
0,composition_distill,39,0.823
0,composition_distill,40,0.83
0,composition_distill,41,0.84
0,composition_distill,42,0.845
0,composition_distill,43,0.851
0,composition_distill,44,0.854
0,composition_distill,45,0.862
0,composition_distill,46,0.868
0,composition_distill,47,0.872
0,composition_distill,48,0.881
0,composition_distill,49,0.889
0,composition_distill,50,0.896
0,composition_distill,51,0.901
0,composition_distill,52,0.904
0,composition_distill,53,0.911
0,composition_distill,54,0.914
0,composition_distill,55,0.917
0,composition_distill,56,0.919
0,composition_distill,57,0.921
0,composition_distill,58,0.924
0,composition_distill,59,0.93
0,composition_distill,60,0.931
0,composition_distill,61,0.935
0,composition_distill,62,0.937
0,composition_distill,63,0.939
0,composition_distill,64,0.944
0,composition_distill,65,0.946
0,composition_distill,66,0.95
0,composition_distill,67,0.951
0,composition_distill,68,0.956
0,composition_distill,69,0.959
0,composition_distill,70,0.962
0,composition_distill,71,0.965
0,composition_distill,72,0.966
0,composition_distill,73,0.969
0,composition_distill,74,0.97
0,composition_distill,75,0.97
0,composition_distill,76,0.97
0,composition_distill,77,0.971
0,composition_distill,78,0.974
0,composition_distill,79,0.975
0,composition_distill,80,0.976
0,composition_distill,81,0.977
0,composition_distill,82,0.977
0,composition_distill,83,0.977
0,composition_distill,84,0.977
0,composition_distill,85,0.979
0,composition_distill,86,0.98
0,composition_distill,87,0.98
0,composition_distill,88,0.98
0,composition_distill,89,0.98
0,composition_distill,90,0.982
0,composition_distill,91,0.983
0,composition_distill,92,0.983
0,composition_distill,93,0.983
0,composition_distill,94,0.984
0,composition_distill,95,0.984
0,composition_distill,96,0.984
0,composition_distill,97,0.987
0,composition_distill,98,0.988
0,composition_distill,99,0.989
0,composition_distill,100,0.99
0,composition_distill,101,0.99
0,composition_distill,102,0.991
0,composition_distill,103,0.993
0,composition_distill,104,0.993
0,composition_distill,105,0.995
0,composition_distill,106,0.996
0,composition_distill,107,0.997
0,composition_distill,108,0.997
0,composition_distill,109,0.997
0,composition_distill,110,0.998
0,composition_distill,111,0.998
0,composition_distill,112,0.998
0,composition_distill,113,0.998
0,composition_distill,114,1.0
0,composition_distill,115,1.0
0,composition_distill,116,1.0
0,composition_distill,117,1.0
0,composition_distill,118,1.0
0,composition_distill,119,1.0
0,composition_distill,120,1.0
0,composition_distill,121,1.0
0,composition_distill,122,1.0
0,composition_distill,123,1.0
0,composition_distill,124,1.0
0,composition_distill,125,1.0
1,atomic_control,1,0.023
1,atomic_control,2,0.026
1,atomic_control,3,0.035
1,atomic_control,4,0.046
1,atomic_control,5,0.068
1,atomic_control,6,0.09
1,atomic_control,7,0.106
1,atomic_control,8,0.115
1,atomic_control,9,0.139
1,atomic_control,10,0.154
1,atomic_control,11,0.168
1,atomic_control,12,0.184
1,atomic_control,13,0.193
1,atomic_control,14,0.202
1,atomic_control,15,0.214
1,atomic_control,16,0.227
1,atomic_control,17,0.239
1,atomic_control,18,0.252
1,atomic_control,19,0.264
1,atomic_control,20,0.282
1,atomic_control,21,0.293
1,atomic_control,22,0.307
1,atomic_control,23,0.323
1,atomic_control,24,0.335
1,atomic_control,25,0.347
1,atomic_control,26,0.362
1,atomic_control,27,0.377
1,atomic_control,28,0.388
1,atomic_control,29,0.404
1,atomic_control,30,0.42
1,atomic_control,31,0.442
1,atomic_control,32,0.457
1,atomic_control,33,0.47
1,atomic_control,34,0.482
1,atomic_control,35,0.498
1,atomic_control,36,0.511
1,atomic_control,37,0.525
1,atomic_control,38,0.533
1,atomic_control,39,0.548
1,atomic_control,40,0.561
1,atomic_control,41,0.567
1,atomic_control,42,0.576
1,atomic_control,43,0.581
1,atomic_control,44,0.588
1,atomic_control,45,0.599
1,atomic_control,46,0.605
1,atomic_control,47,0.613
1,atomic_control,48,0.623
1,atomic_control,49,0.636
1,atomic_control,50,0.651
1,atomic_control,51,0.664
1,atomic_control,52,0.677
1,atomic_control,53,0.69
1,atomic_control,54,0.697
1,atomic_control,55,0.704
1,atomic_control,56,0.715
1,atomic_control,57,0.721
1,atomic_control,58,0.728
1,atomic_control,59,0.736
1,atomic_control,60,0.744
1,atomic_control,61,0.751
1,atomic_control,62,0.757
1,atomic_control,63,0.762
1,atomic_control,64,0.765
1,atomic_control,65,0.766
1,atomic_control,66,0.772
1,atomic_control,67,0.777
1,atomic_control,68,0.781
1,atomic_control,69,0.791
1,atomic_control,70,0.794
1,atomic_control,71,0.798
1,atomic_control,72,0.803
1,atomic_control,73,0.806
1,atomic_control,74,0.809
1,atomic_control,75,0.813
1,atomic_control,76,0.817
1,atomic_control,77,0.821
1,atomic_control,78,0.827
1,atomic_control,79,0.832
1,atomic_control,80,0.836
1,atomic_control,81,0.84
1,atomic_control,82,0.844
1,atomic_control,83,0.847
1,atomic_control,84,0.852
1,atomic_control,85,0.854
1,atomic_control,86,0.857
1,atomic_control,87,0.858
1,atomic_control,88,0.861
1,atomic_control,89,0.863
1,atomic_control,90,0.869
1,atomic_control,91,0.872
1,atomic_control,92,0.877
1,atomic_control,93,0.879
1,atomic_control,94,0.884
1,atomic_control,95,0.891
1,atomic_control,96,0.898
1,atomic_control,97,0.905
1,atomic_control,98,0.911
1,atomic_control,99,0.915
1,atomic_control,100,0.921
1,atomic_control,101,0.925
1,atomic_control,102,0.93
1,atomic_control,103,0.932
1,atomic_control,104,0.934
1,atomic_control,105,0.938
1,atomic_control,106,0.942
1,atomic_control,107,0.947
1,atomic_control,108,0.949
1,atomic_control,109,0.95
1,atomic_control,110,0.952
1,atomic_control,111,0.954
1,atomic_control,112,0.957
1,atomic_control,113,0.96
1,atomic_control,114,0.962
1,atomic_control,115,0.964
1,atomic_control,116,0.966
1,atomic_control,117,0.969
1,atomic_control,118,0.971
1,atomic_control,119,0.977
1,atomic_control,120,0.987
1,atomic_control,121,0.996
1,atomic_control,122,1.0
1,atomic_control,123,1.0
1,atomic_control,124,1.0
1,atomic_control,125,1.0
1,composition_distill,1,0.093
1,composition_distill,2,0.149
1,composition_distill,3,0.19
1,composition_distill,4,0.232
1,composition_distill,5,0.277
1,composition_distill,6,0.307
1,composition_distill,7,0.333
1,composition_distill,8,0.366
1,composition_distill,9,0.39
1,composition_distill,10,0.413
1,composition_distill,11,0.434
1,composition_distill,12,0.457
1,composition_distill,13,0.49
1,composition_distill,14,0.508
1,composition_distill,15,0.516
1,composition_distill,16,0.526
1,composition_distill,17,0.538
1,composition_distill,18,0.549
1,composition_distill,19,0.567
1,composition_distill,20,0.58
1,composition_distill,21,0.586
1,composition_distill,22,0.597
1,composition_distill,23,0.608
1,composition_distill,24,0.621
1,composition_distill,25,0.634
1,composition_distill,26,0.65
1,composition_distill,27,0.663
1,composition_distill,28,0.68
1,composition_distill,29,0.689
1,composition_distill,30,0.698
1,composition_distill,31,0.713
1,composition_distill,32,0.724
1,composition_distill,33,0.741
1,composition_distill,34,0.752
1,composition_distill,35,0.762
1,composition_distill,36,0.774
1,composition_distill,37,0.782
1,composition_distill,38,0.8
1,composition_distill,39,0.813
1,composition_distill,40,0.823
1,composition_distill,41,0.836
1,composition_distill,42,0.847
1,composition_distill,43,0.85
1,composition_distill,44,0.859
1,composition_distill,45,0.866
1,composition_distill,46,0.873
1,composition_distill,47,0.882
1,composition_distill,48,0.894
1,composition_distill,49,0.897
1,composition_distill,50,0.901
1,composition_distill,51,0.91
1,composition_distill,52,0.912
1,composition_distill,53,0.914
1,composition_distill,54,0.917
1,composition_distill,55,0.923
1,composition_distill,56,0.928
1,composition_distill,57,0.933
1,composition_distill,58,0.935
1,composition_distill,59,0.936
1,composition_distill,60,0.938
1,composition_distill,61,0.942
1,composition_distill,62,0.945
1,composition_distill,63,0.95
1,composition_distill,64,0.952
1,composition_distill,65,0.954
1,composition_distill,66,0.955
1,composition_distill,67,0.957
1,composition_distill,68,0.96
1,composition_distill,69,0.962
1,composition_distill,70,0.963
1,composition_distill,71,0.965
1,composition_distill,72,0.969
1,composition_distill,73,0.969
1,composition_distill,74,0.97
1,composition_distill,75,0.97
1,composition_distill,76,0.972
1,composition_distill,77,0.973
1,composition_distill,78,0.974
1,composition_distill,79,0.975
1,composition_distill,80,0.976
1,composition_distill,81,0.976
1,composition_distill,82,0.976
1,composition_distill,83,0.977
1,composition_distill,84,0.977
1,composition_distill,85,0.977
1,composition_distill,86,0.978
1,composition_distill,87,0.979
1,composition_distill,88,0.981
1,composition_distill,89,0.984
1,composition_distill,90,0.985
1,composition_distill,91,0.985
1,composition_distill,92,0.985
1,composition_distill,93,0.986
1,composition_distill,94,0.987
1,composition_distill,95,0.988
1,composition_distill,96,0.988
1,composition_distill,97,0.989
1,composition_distill,98,0.989
1,composition_distill,99,0.989
1,composition_distill,100,0.989
1,composition_distill,101,0.991
1,composition_distill,102,0.992
1,composition_distill,103,0.992
1,composition_distill,104,0.992
1,composition_distill,105,0.993
1,composition_distill,106,0.995
1,composition_distill,107,0.996
1,composition_distill,108,0.996
1,composition_distill,109,0.996
1,composition_distill,110,0.997
1,composition_distill,111,0.997
1,composition_distill,112,0.997
1,composition_distill,113,1.0
1,composition_distill,114,1.0
1,composition_distill,115,1.0
1,composition_distill,116,1.0
1,composition_distill,117,1.0
1,composition_distill,118,1.0
1,composition_distill,119,1.0
1,composition_distill,120,1.0
1,composition_distill,121,1.0
1,composition_distill,122,1.0
1,composition_distill,123,1.0
1,composition_distill,124,1.0
1,composition_distill,125,1.0
2,atomic_control,1,0.022
2,atomic_control,2,0.027
2,atomic_control,3,0.035
2,atomic_control,4,0.05
2,atomic_control,5,0.065
2,atomic_control,6,0.092
2,atomic_control,7,0.107
2,atomic_control,8,0.124
2,atomic_control,9,0.145
2,atomic_control,10,0.16
2,atomic_control,11,0.171
2,atomic_control,12,0.183
2,atomic_control,13,0.192
2,atomic_control,14,0.2
2,atomic_control,15,0.216
2,atomic_control,16,0.227
2,atomic_control,17,0.236
2,atomic_control,18,0.247
2,atomic_control,19,0.266
2,atomic_control,20,0.28
2,atomic_control,21,0.287
2,atomic_control,22,0.295
2,atomic_control,23,0.307
2,atomic_control,24,0.328
2,atomic_control,25,0.34
2,atomic_control,26,0.355
2,atomic_control,27,0.367
2,atomic_control,28,0.377
2,atomic_control,29,0.394
2,atomic_control,30,0.415
2,atomic_control,31,0.432
2,atomic_control,32,0.454
2,atomic_control,33,0.462
2,atomic_control,34,0.475
2,atomic_control,35,0.485
2,atomic_control,36,0.497
2,atomic_control,37,0.512
2,atomic_control,38,0.526
2,atomic_control,39,0.538
2,atomic_control,40,0.551
2,atomic_control,41,0.559
2,atomic_control,42,0.569
2,atomic_control,43,0.578
2,atomic_control,44,0.592
2,atomic_control,45,0.602
2,atomic_control,46,0.606
2,atomic_control,47,0.614
2,atomic_control,48,0.626
2,atomic_control,49,0.636
2,atomic_control,50,0.646
2,atomic_control,51,0.656
2,atomic_control,52,0.662
2,atomic_control,53,0.673
2,atomic_control,54,0.681
2,atomic_control,55,0.692
2,atomic_control,56,0.699
2,atomic_control,57,0.707
2,atomic_control,58,0.714
2,atomic_control,59,0.719
2,atomic_control,60,0.729
2,atomic_control,61,0.737
2,atomic_control,62,0.746
2,atomic_control,63,0.752
2,atomic_control,64,0.755
2,atomic_control,65,0.762
2,atomic_control,66,0.768
2,atomic_control,67,0.771
2,atomic_control,68,0.776
2,atomic_control,69,0.783
2,atomic_control,70,0.785
2,atomic_control,71,0.79
2,atomic_control,72,0.792
2,atomic_control,73,0.799
2,atomic_control,74,0.806
2,atomic_control,75,0.812
2,atomic_control,76,0.814
2,atomic_control,77,0.821
2,atomic_control,78,0.826
2,atomic_control,79,0.829
2,atomic_control,80,0.833
2,atomic_control,81,0.837
2,atomic_control,82,0.844
2,atomic_control,83,0.847
2,atomic_control,84,0.854
2,atomic_control,85,0.86
2,atomic_control,86,0.864
2,atomic_control,87,0.867
2,atomic_control,88,0.872
2,atomic_control,89,0.874
2,atomic_control,90,0.883
2,atomic_control,91,0.887
2,atomic_control,92,0.889
2,atomic_control,93,0.894
2,atomic_control,94,0.898
2,atomic_control,95,0.902
2,atomic_control,96,0.909
2,atomic_control,97,0.916
2,atomic_control,98,0.918
2,atomic_control,99,0.921
2,atomic_control,100,0.925
2,atomic_control,101,0.927
2,atomic_control,102,0.927
2,atomic_control,103,0.93
2,atomic_control,104,0.932
2,atomic_control,105,0.938
2,atomic_control,106,0.942
2,atomic_control,107,0.946
2,atomic_control,108,0.947
2,atomic_control,109,0.949
2,atomic_control,110,0.951
2,atomic_control,111,0.955
2,atomic_control,112,0.959
2,atomic_control,113,0.961
2,atomic_control,114,0.962
2,atomic_control,115,0.964
2,atomic_control,116,0.968
2,atomic_control,117,0.97
2,atomic_control,118,0.98
2,atomic_control,119,0.984
2,atomic_control,120,0.987
2,atomic_control,121,0.996
2,atomic_control,122,1.0
2,atomic_control,123,1.0
2,atomic_control,124,1.0
2,atomic_control,125,1.0
2,composition_distill,1,0.108
2,composition_distill,2,0.174
2,composition_distill,3,0.226
2,composition_distill,4,0.282
2,composition_distill,5,0.317
2,composition_distill,6,0.342
2,composition_distill,7,0.374
2,composition_distill,8,0.393
2,composition_distill,9,0.414
2,composition_distill,10,0.433
2,composition_distill,11,0.448
2,composition_distill,12,0.459
2,composition_distill,13,0.489
2,composition_distill,14,0.504
2,composition_distill,15,0.521
2,composition_distill,16,0.534
2,composition_distill,17,0.546
2,composition_distill,18,0.563
2,composition_distill,19,0.582
2,composition_distill,20,0.593
2,composition_distill,21,0.599
2,composition_distill,22,0.617
2,composition_distill,23,0.629
2,composition_distill,24,0.639
2,composition_distill,25,0.646
2,composition_distill,26,0.654
2,composition_distill,27,0.661
2,composition_distill,28,0.67
2,composition_distill,29,0.679
2,composition_distill,30,0.689
2,composition_distill,31,0.7
2,composition_distill,32,0.714
2,composition_distill,33,0.729
2,composition_distill,34,0.738
2,composition_distill,35,0.75
2,composition_distill,36,0.761
2,composition_distill,37,0.774
2,composition_distill,38,0.787
2,composition_distill,39,0.8
2,composition_distill,40,0.808
2,composition_distill,41,0.815
2,composition_distill,42,0.829
2,composition_distill,43,0.836
2,composition_distill,44,0.842
2,composition_distill,45,0.854
2,composition_distill,46,0.86
2,composition_distill,47,0.866
2,composition_distill,48,0.872
2,composition_distill,49,0.881
2,composition_distill,50,0.887
2,composition_distill,51,0.895
2,composition_distill,52,0.902
2,composition_distill,53,0.907
2,composition_distill,54,0.914
2,composition_distill,55,0.918
2,composition_distill,56,0.922
2,composition_distill,57,0.922
2,composition_distill,58,0.926
2,composition_distill,59,0.929
2,composition_distill,60,0.931
2,composition_distill,61,0.937
2,composition_distill,62,0.942
2,composition_distill,63,0.942
2,composition_distill,64,0.948
2,composition_distill,65,0.952
2,composition_distill,66,0.955
2,composition_distill,67,0.955
2,composition_distill,68,0.956
2,composition_distill,69,0.959
2,composition_distill,70,0.961
2,composition_distill,71,0.962
2,composition_distill,72,0.962
2,composition_distill,73,0.966
2,composition_distill,74,0.968
2,composition_distill,75,0.972
2,composition_distill,76,0.974
2,composition_distill,77,0.974
2,composition_distill,78,0.975
2,composition_distill,79,0.976
2,composition_distill,80,0.976
2,composition_distill,81,0.976
2,composition_distill,82,0.976
2,composition_distill,83,0.977
2,composition_distill,84,0.978
2,composition_distill,85,0.979
2,composition_distill,86,0.979
2,composition_distill,87,0.979
2,composition_distill,88,0.979
2,composition_distill,89,0.982
2,composition_distill,90,0.983
2,composition_distill,91,0.983
2,composition_distill,92,0.985
2,composition_distill,93,0.985
2,composition_distill,94,0.986
2,composition_distill,95,0.986
2,composition_distill,96,0.986
2,composition_distill,97,0.986
2,composition_distill,98,0.986
2,composition_distill,99,0.989
2,composition_distill,100,0.991
2,composition_distill,101,0.992
2,composition_distill,102,0.993
2,composition_distill,103,0.993
2,composition_distill,104,0.993
2,composition_distill,105,0.993
2,composition_distill,106,0.995
2,composition_distill,107,0.997
2,composition_distill,108,0.997
2,composition_distill,109,0.998
2,composition_distill,110,0.998
2,composition_distill,111,0.998
2,composition_distill,112,0.998
2,composition_distill,113,1.0
2,composition_distill,114,1.0
2,composition_distill,115,1.0
2,composition_distill,116,1.0
2,composition_distill,117,1.0
2,composition_distill,118,1.0
2,composition_distill,119,1.0
2,composition_distill,120,1.0
2,composition_distill,121,1.0
2,composition_distill,122,1.0
2,composition_distill,123,1.0
2,composition_distill,124,1.0
2,composition_distill,125,1.0
3,atomic_control,1,0.023
3,atomic_control,2,0.026
3,atomic_control,3,0.035
3,atomic_control,4,0.051
3,atomic_control,5,0.069
3,atomic_control,6,0.093
3,atomic_control,7,0.104
3,atomic_control,8,0.117
3,atomic_control,9,0.133
3,atomic_control,10,0.151
3,atomic_control,11,0.171
3,atomic_control,12,0.18
3,atomic_control,13,0.195
3,atomic_control,14,0.199
3,atomic_control,15,0.211
3,atomic_control,16,0.225
3,atomic_control,17,0.239
3,atomic_control,18,0.249
3,atomic_control,19,0.269
3,atomic_control,20,0.279
3,atomic_control,21,0.288
3,atomic_control,22,0.302
3,atomic_control,23,0.316
3,atomic_control,24,0.332
3,atomic_control,25,0.349
3,atomic_control,26,0.36
3,atomic_control,27,0.379
3,atomic_control,28,0.39
3,atomic_control,29,0.408
3,atomic_control,30,0.424
3,atomic_control,31,0.441
3,atomic_control,32,0.46
3,atomic_control,33,0.472
3,atomic_control,34,0.485
3,atomic_control,35,0.501
3,atomic_control,36,0.51
3,atomic_control,37,0.524
3,atomic_control,38,0.537
3,atomic_control,39,0.547
3,atomic_control,40,0.558
3,atomic_control,41,0.568
3,atomic_control,42,0.58
3,atomic_control,43,0.587
3,atomic_control,44,0.595
3,atomic_control,45,0.604
3,atomic_control,46,0.611
3,atomic_control,47,0.624
3,atomic_control,48,0.634
3,atomic_control,49,0.645
3,atomic_control,50,0.655
3,atomic_control,51,0.668
3,atomic_control,52,0.673
3,atomic_control,53,0.689
3,atomic_control,54,0.7
3,atomic_control,55,0.703
3,atomic_control,56,0.709
3,atomic_control,57,0.723
3,atomic_control,58,0.727
3,atomic_control,59,0.732
3,atomic_control,60,0.736
3,atomic_control,61,0.747
3,atomic_control,62,0.754
3,atomic_control,63,0.758
3,atomic_control,64,0.764
3,atomic_control,65,0.766
3,atomic_control,66,0.772
3,atomic_control,67,0.777
3,atomic_control,68,0.782
3,atomic_control,69,0.785
3,atomic_control,70,0.789
3,atomic_control,71,0.794
3,atomic_control,72,0.802
3,atomic_control,73,0.806
3,atomic_control,74,0.809
3,atomic_control,75,0.811
3,atomic_control,76,0.817
3,atomic_control,77,0.82
3,atomic_control,78,0.823
3,atomic_control,79,0.825
3,atomic_control,80,0.827
3,atomic_control,81,0.835
3,atomic_control,82,0.842
3,atomic_control,83,0.846
3,atomic_control,84,0.849
3,atomic_control,85,0.852
3,atomic_control,86,0.857
3,atomic_control,87,0.859
3,atomic_control,88,0.863
3,atomic_control,89,0.869
3,atomic_control,90,0.87
3,atomic_control,91,0.873
3,atomic_control,92,0.876
3,atomic_control,93,0.883
3,atomic_control,94,0.887
3,atomic_control,95,0.889
3,atomic_control,96,0.894
3,atomic_control,97,0.901
3,atomic_control,98,0.909
3,atomic_control,99,0.911
3,atomic_control,100,0.919
3,atomic_control,101,0.923
3,atomic_control,102,0.927
3,atomic_control,103,0.931
3,atomic_control,104,0.935
3,atomic_control,105,0.937
3,atomic_control,106,0.94
3,atomic_control,107,0.944
3,atomic_control,108,0.945
3,atomic_control,109,0.947
3,atomic_control,110,0.951
3,atomic_control,111,0.954
3,atomic_control,112,0.957
3,atomic_control,113,0.959
3,atomic_control,114,0.962
3,atomic_control,115,0.967
3,atomic_control,116,0.968
3,atomic_control,117,0.974
3,atomic_control,118,0.98
3,atomic_control,119,0.986
3,atomic_control,120,0.992
3,atomic_control,121,0.999
3,atomic_control,122,1.0
3,atomic_control,123,1.0
3,atomic_control,124,1.0
3,atomic_control,125,1.0
3,composition_distill,1,0.094
3,composition_distill,2,0.162
3,composition_distill,3,0.213
3,composition_distill,4,0.251
3,composition_distill,5,0.291
3,composition_distill,6,0.32
3,composition_distill,7,0.345
3,composition_distill,8,0.368
3,composition_distill,9,0.387
3,composition_distill,10,0.415
3,composition_distill,11,0.438
3,composition_distill,12,0.459
3,composition_distill,13,0.489
3,composition_distill,14,0.504
3,composition_distill,15,0.525
3,composition_distill,16,0.541
3,composition_distill,17,0.554
3,composition_distill,18,0.569
3,composition_distill,19,0.585
3,composition_distill,20,0.597
3,composition_distill,21,0.606
3,composition_distill,22,0.626
3,composition_distill,23,0.634
3,composition_distill,24,0.653
3,composition_distill,25,0.666
3,composition_distill,26,0.675
3,composition_distill,27,0.686
3,composition_distill,28,0.7
3,composition_distill,29,0.719
3,composition_distill,30,0.734
3,composition_distill,31,0.744
3,composition_distill,32,0.752
3,composition_distill,33,0.766
3,composition_distill,34,0.776
3,composition_distill,35,0.781
3,composition_distill,36,0.788
3,composition_distill,37,0.794
3,composition_distill,38,0.801
3,composition_distill,39,0.809
3,composition_distill,40,0.819
3,composition_distill,41,0.828
3,composition_distill,42,0.837
3,composition_distill,43,0.845
3,composition_distill,44,0.854
3,composition_distill,45,0.862
3,composition_distill,46,0.872
3,composition_distill,47,0.883
3,composition_distill,48,0.886
3,composition_distill,49,0.894
3,composition_distill,50,0.9
3,composition_distill,51,0.907
3,composition_distill,52,0.91
3,composition_distill,53,0.917
3,composition_distill,54,0.922
3,composition_distill,55,0.924
3,composition_distill,56,0.927
3,composition_distill,57,0.93
3,composition_distill,58,0.93
3,composition_distill,59,0.934
3,composition_distill,60,0.94
3,composition_distill,61,0.941
3,composition_distill,62,0.944
3,composition_distill,63,0.946
3,composition_distill,64,0.95
3,composition_distill,65,0.951
3,composition_distill,66,0.952
3,composition_distill,67,0.954
3,composition_distill,68,0.954
3,composition_distill,69,0.956
3,composition_distill,70,0.957
3,composition_distill,71,0.958
3,composition_distill,72,0.961
3,composition_distill,73,0.961
3,composition_distill,74,0.962
3,composition_distill,75,0.964
3,composition_distill,76,0.966
3,composition_distill,77,0.968
3,composition_distill,78,0.97
3,composition_distill,79,0.971
3,composition_distill,80,0.973
3,composition_distill,81,0.973
3,composition_distill,82,0.973
3,composition_distill,83,0.974
3,composition_distill,84,0.974
3,composition_distill,85,0.975
3,composition_distill,86,0.975
3,composition_distill,87,0.975
3,composition_distill,88,0.975
3,composition_distill,89,0.975
3,composition_distill,90,0.976
3,composition_distill,91,0.977
3,composition_distill,92,0.978
3,composition_distill,93,0.983
3,composition_distill,94,0.983
3,composition_distill,95,0.983
3,composition_distill,96,0.984
3,composition_distill,97,0.984
3,composition_distill,98,0.984
3,composition_distill,99,0.987
3,composition_distill,100,0.989
3,composition_distill,101,0.99
3,composition_distill,102,0.992
3,composition_distill,103,0.992
3,composition_distill,104,0.994
3,composition_distill,105,0.995
3,composition_distill,106,0.995
3,composition_distill,107,0.997
3,composition_distill,108,0.997
3,composition_distill,109,0.997
3,composition_distill,110,0.997
3,composition_distill,111,0.998
3,composition_distill,112,0.999
3,composition_distill,113,0.999
3,composition_distill,114,0.999
3,composition_distill,115,0.999
3,composition_distill,116,1.0
3,composition_distill,117,1.0
3,composition_distill,118,1.0
3,composition_distill,119,1.0
3,composition_distill,120,1.0
3,composition_distill,121,1.0
3,composition_distill,122,1.0
3,composition_distill,123,1.0
3,composition_distill,124,1.0
3,composition_distill,125,1.0
4,atomic_control,1,0.024
4,atomic_control,2,0.028
4,atomic_control,3,0.036
4,atomic_control,4,0.048
4,atomic_control,5,0.068
4,atomic_control,6,0.089
4,atomic_control,7,0.106
4,atomic_control,8,0.117
4,atomic_control,9,0.137
4,atomic_control,10,0.154
4,atomic_control,11,0.17
4,atomic_control,12,0.179
4,atomic_control,13,0.193
4,atomic_control,14,0.201
4,atomic_control,15,0.216
4,atomic_control,16,0.228
4,atomic_control,17,0.24
4,atomic_control,18,0.251
4,atomic_control,19,0.265
4,atomic_control,20,0.282
4,atomic_control,21,0.29
4,atomic_control,22,0.302
4,atomic_control,23,0.32
4,atomic_control,24,0.339
4,atomic_control,25,0.349
4,atomic_control,26,0.358
4,atomic_control,27,0.373
4,atomic_control,28,0.39
4,atomic_control,29,0.413
4,atomic_control,30,0.428
4,atomic_control,31,0.448
4,atomic_control,32,0.459
4,atomic_control,33,0.475
4,atomic_control,34,0.487
4,atomic_control,35,0.503
4,atomic_control,36,0.508
4,atomic_control,37,0.52
4,atomic_control,38,0.531
4,atomic_control,39,0.545
4,atomic_control,40,0.555
4,atomic_control,41,0.564
4,atomic_control,42,0.577
4,atomic_control,43,0.586
4,atomic_control,44,0.598
4,atomic_control,45,0.605
4,atomic_control,46,0.613
4,atomic_control,47,0.622
4,atomic_control,48,0.632
4,atomic_control,49,0.639
4,atomic_control,50,0.647
4,atomic_control,51,0.662
4,atomic_control,52,0.674
4,atomic_control,53,0.686
4,atomic_control,54,0.692
4,atomic_control,55,0.696
4,atomic_control,56,0.709
4,atomic_control,57,0.721
4,atomic_control,58,0.728
4,atomic_control,59,0.734
4,atomic_control,60,0.739
4,atomic_control,61,0.745
4,atomic_control,62,0.753
4,atomic_control,63,0.755
4,atomic_control,64,0.758
4,atomic_control,65,0.76
4,atomic_control,66,0.768
4,atomic_control,67,0.775
4,atomic_control,68,0.777
4,atomic_control,69,0.786
4,atomic_control,70,0.788
4,atomic_control,71,0.789
4,atomic_control,72,0.792
4,atomic_control,73,0.799
4,atomic_control,74,0.803
4,atomic_control,75,0.807
4,atomic_control,76,0.808
4,atomic_control,77,0.815
4,atomic_control,78,0.817
4,atomic_control,79,0.822
4,atomic_control,80,0.827
4,atomic_control,81,0.831
4,atomic_control,82,0.835
4,atomic_control,83,0.842
4,atomic_control,84,0.846
4,atomic_control,85,0.851
4,atomic_control,86,0.854
4,atomic_control,87,0.859
4,atomic_control,88,0.865
4,atomic_control,89,0.869
4,atomic_control,90,0.873
4,atomic_control,91,0.876
4,atomic_control,92,0.879
4,atomic_control,93,0.882
4,atomic_control,94,0.887
4,atomic_control,95,0.89
4,atomic_control,96,0.898
4,atomic_control,97,0.903
4,atomic_control,98,0.91
4,atomic_control,99,0.914
4,atomic_control,100,0.92
4,atomic_control,101,0.923
4,atomic_control,102,0.93
4,atomic_control,103,0.931
4,atomic_control,104,0.936
4,atomic_control,105,0.936
4,atomic_control,106,0.94
4,atomic_control,107,0.944
4,atomic_control,108,0.947
4,atomic_control,109,0.948
4,atomic_control,110,0.951
4,atomic_control,111,0.953
4,atomic_control,112,0.959
4,atomic_control,113,0.96
4,atomic_control,114,0.961
4,atomic_control,115,0.963
4,atomic_control,116,0.966
4,atomic_control,117,0.969
4,atomic_control,118,0.972
4,atomic_control,119,0.979
4,atomic_control,120,0.988
4,atomic_control,121,0.996
4,atomic_control,122,1.0
4,atomic_control,123,1.0
4,atomic_control,124,1.0
4,atomic_control,125,1.0
4,composition_distill,1,0.106
4,composition_distill,2,0.173
4,composition_distill,3,0.209
4,composition_distill,4,0.245
4,composition_distill,5,0.283
4,composition_distill,6,0.302
4,composition_distill,7,0.323
4,composition_distill,8,0.341
4,composition_distill,9,0.373
4,composition_distill,10,0.395
4,composition_distill,11,0.422
4,composition_distill,12,0.44
4,composition_distill,13,0.466
4,composition_distill,14,0.482
4,composition_distill,15,0.503
4,composition_distill,16,0.528
4,composition_distill,17,0.545
4,composition_distill,18,0.566
4,composition_distill,19,0.582
4,composition_distill,20,0.589
4,composition_distill,21,0.601
4,composition_distill,22,0.613
4,composition_distill,23,0.621
4,composition_distill,24,0.634
4,composition_distill,25,0.643
4,composition_distill,26,0.66
4,composition_distill,27,0.67
4,composition_distill,28,0.685
4,composition_distill,29,0.693
4,composition_distill,30,0.704
4,composition_distill,31,0.712
4,composition_distill,32,0.729
4,composition_distill,33,0.74
4,composition_distill,34,0.747
4,composition_distill,35,0.754
4,composition_distill,36,0.764
4,composition_distill,37,0.777
4,composition_distill,38,0.787
4,composition_distill,39,0.79
4,composition_distill,40,0.8
4,composition_distill,41,0.814
4,composition_distill,42,0.823
4,composition_distill,43,0.833
4,composition_distill,44,0.836
4,composition_distill,45,0.842
4,composition_distill,46,0.859
4,composition_distill,47,0.87
4,composition_distill,48,0.875
4,composition_distill,49,0.882
4,composition_distill,50,0.889
4,composition_distill,51,0.899
4,composition_distill,52,0.904
4,composition_distill,53,0.907
4,composition_distill,54,0.914
4,composition_distill,55,0.917
4,composition_distill,56,0.918
4,composition_distill,57,0.921
4,composition_distill,58,0.921
4,composition_distill,59,0.924
4,composition_distill,60,0.926
4,composition_distill,61,0.928
4,composition_distill,62,0.932
4,composition_distill,63,0.933
4,composition_distill,64,0.934
4,composition_distill,65,0.938
4,composition_distill,66,0.943
4,composition_distill,67,0.944
4,composition_distill,68,0.952
4,composition_distill,69,0.953
4,composition_distill,70,0.954
4,composition_distill,71,0.958
4,composition_distill,72,0.963
4,composition_distill,73,0.963
4,composition_distill,74,0.964
4,composition_distill,75,0.966
4,composition_distill,76,0.969
4,composition_distill,77,0.972
4,composition_distill,78,0.972
4,composition_distill,79,0.973
4,composition_distill,80,0.974
4,composition_distill,81,0.974
4,composition_distill,82,0.976
4,composition_distill,83,0.978
4,composition_distill,84,0.978
4,composition_distill,85,0.979
4,composition_distill,86,0.979
4,composition_distill,87,0.979
4,composition_distill,88,0.98
4,composition_distill,89,0.98
4,composition_distill,90,0.98
4,composition_distill,91,0.982
4,composition_distill,92,0.983
4,composition_distill,93,0.985
4,composition_distill,94,0.985
4,composition_distill,95,0.985
4,composition_distill,96,0.986
4,composition_distill,97,0.987
4,composition_distill,98,0.988
4,composition_distill,99,0.989
4,composition_distill,100,0.991
4,composition_distill,101,0.991
4,composition_distill,102,0.991
4,composition_distill,103,0.991
4,composition_distill,104,0.992
4,composition_distill,105,0.992
4,composition_distill,106,0.994
4,composition_distill,107,0.994
4,composition_distill,108,0.995
4,composition_distill,109,0.995
4,composition_distill,110,0.997
4,composition_distill,111,0.998
4,composition_distill,112,0.998
4,composition_distill,113,0.998
4,composition_distill,114,0.999
4,composition_distill,115,1.0
4,composition_distill,116,1.0
4,composition_distill,117,1.0
4,composition_distill,118,1.0
4,composition_distill,119,1.0
4,composition_distill,120,1.0
4,composition_distill,121,1.0
4,composition_distill,122,1.0
4,composition_distill,123,1.0
4,composition_distill,124,1.0
4,composition_distill,125,1.0
5,atomic_control,1,0.023
5,atomic_control,2,0.029
5,atomic_control,3,0.039
5,atomic_control,4,0.054
5,atomic_control,5,0.068
5,atomic_control,6,0.092
5,atomic_control,7,0.104
5,atomic_control,8,0.12
5,atomic_control,9,0.151
5,atomic_control,10,0.161
5,atomic_control,11,0.176
5,atomic_control,12,0.187
5,atomic_control,13,0.199
5,atomic_control,14,0.203
5,atomic_control,15,0.211
5,atomic_control,16,0.225
5,atomic_control,17,0.232
5,atomic_control,18,0.246
5,atomic_control,19,0.255
5,atomic_control,20,0.271
5,atomic_control,21,0.281
5,atomic_control,22,0.29
5,atomic_control,23,0.304
5,atomic_control,24,0.324
5,atomic_control,25,0.334
5,atomic_control,26,0.348
5,atomic_control,27,0.367
5,atomic_control,28,0.388
5,atomic_control,29,0.404
5,atomic_control,30,0.424
5,atomic_control,31,0.437
5,atomic_control,32,0.454
5,atomic_control,33,0.466
5,atomic_control,34,0.481
5,atomic_control,35,0.495
5,atomic_control,36,0.502
5,atomic_control,37,0.512
5,atomic_control,38,0.524
5,atomic_control,39,0.537
5,atomic_control,40,0.554
5,atomic_control,41,0.564
5,atomic_control,42,0.572
5,atomic_control,43,0.583
5,atomic_control,44,0.593
5,atomic_control,45,0.599
5,atomic_control,46,0.605
5,atomic_control,47,0.615
5,atomic_control,48,0.627
5,atomic_control,49,0.636
5,atomic_control,50,0.646
5,atomic_control,51,0.652
5,atomic_control,52,0.668
5,atomic_control,53,0.676
5,atomic_control,54,0.682
5,atomic_control,55,0.693
5,atomic_control,56,0.699
5,atomic_control,57,0.708
5,atomic_control,58,0.714
5,atomic_control,59,0.723
5,atomic_control,60,0.73
5,atomic_control,61,0.736
5,atomic_control,62,0.741
5,atomic_control,63,0.75
5,atomic_control,64,0.755
5,atomic_control,65,0.763
5,atomic_control,66,0.769
5,atomic_control,67,0.773
5,atomic_control,68,0.777
5,atomic_control,69,0.78
5,atomic_control,70,0.783
5,atomic_control,71,0.786
5,atomic_control,72,0.789
5,atomic_control,73,0.791
5,atomic_control,74,0.798
5,atomic_control,75,0.802
5,atomic_control,76,0.804
5,atomic_control,77,0.806
5,atomic_control,78,0.811
5,atomic_control,79,0.814
5,atomic_control,80,0.818
5,atomic_control,81,0.824
5,atomic_control,82,0.826
5,atomic_control,83,0.835
5,atomic_control,84,0.838
5,atomic_control,85,0.843
5,atomic_control,86,0.846
5,atomic_control,87,0.855
5,atomic_control,88,0.859
5,atomic_control,89,0.861
5,atomic_control,90,0.864
5,atomic_control,91,0.867
5,atomic_control,92,0.867
5,atomic_control,93,0.868
5,atomic_control,94,0.873
5,atomic_control,95,0.88
5,atomic_control,96,0.887
5,atomic_control,97,0.892
5,atomic_control,98,0.901
5,atomic_control,99,0.907
5,atomic_control,100,0.915
5,atomic_control,101,0.922
5,atomic_control,102,0.923
5,atomic_control,103,0.929
5,atomic_control,104,0.931
5,atomic_control,105,0.935
5,atomic_control,106,0.937
5,atomic_control,107,0.946
5,atomic_control,108,0.946
5,atomic_control,109,0.949
5,atomic_control,110,0.95
5,atomic_control,111,0.954
5,atomic_control,112,0.958
5,atomic_control,113,0.96
5,atomic_control,114,0.962
5,atomic_control,115,0.968
5,atomic_control,116,0.97
5,atomic_control,117,0.975
5,atomic_control,118,0.984
5,atomic_control,119,0.988
5,atomic_control,120,0.995
5,atomic_control,121,0.999
5,atomic_control,122,1.0
5,atomic_control,123,1.0
5,atomic_control,124,1.0
5,atomic_control,125,1.0
5,composition_distill,1,0.099
5,composition_distill,2,0.177
5,composition_distill,3,0.236
5,composition_distill,4,0.264
5,composition_distill,5,0.295
5,composition_distill,6,0.327
5,composition_distill,7,0.356
5,composition_distill,8,0.378
5,composition_distill,9,0.395
5,composition_distill,10,0.415
5,composition_distill,11,0.437
5,composition_distill,12,0.456
5,composition_distill,13,0.469
5,composition_distill,14,0.491
5,composition_distill,15,0.507
5,composition_distill,16,0.52
5,composition_distill,17,0.531
5,composition_distill,18,0.541
5,composition_distill,19,0.552
5,composition_distill,20,0.567
5,composition_distill,21,0.576
5,composition_distill,22,0.591
5,composition_distill,23,0.601
5,composition_distill,24,0.609
5,composition_distill,25,0.622
5,composition_distill,26,0.639
5,composition_distill,27,0.651
5,composition_distill,28,0.664
5,composition_distill,29,0.677
5,composition_distill,30,0.682
5,composition_distill,31,0.693
5,composition_distill,32,0.707
5,composition_distill,33,0.72
5,composition_distill,34,0.732
5,composition_distill,35,0.754
5,composition_distill,36,0.767
5,composition_distill,37,0.775
5,composition_distill,38,0.782
5,composition_distill,39,0.797
5,composition_distill,40,0.809
5,composition_distill,41,0.821
5,composition_distill,42,0.83
5,composition_distill,43,0.841
5,composition_distill,44,0.848
5,composition_distill,45,0.858
5,composition_distill,46,0.864
5,composition_distill,47,0.871
5,composition_distill,48,0.877
5,composition_distill,49,0.887
5,composition_distill,50,0.895
5,composition_distill,51,0.902
5,composition_distill,52,0.905
5,composition_distill,53,0.912
5,composition_distill,54,0.919
5,composition_distill,55,0.921
5,composition_distill,56,0.924
5,composition_distill,57,0.927
5,composition_distill,58,0.932
5,composition_distill,59,0.935
5,composition_distill,60,0.937
5,composition_distill,61,0.941
5,composition_distill,62,0.942
5,composition_distill,63,0.943
5,composition_distill,64,0.943
5,composition_distill,65,0.943
5,composition_distill,66,0.944
5,composition_distill,67,0.949
5,composition_distill,68,0.952
5,composition_distill,69,0.955
5,composition_distill,70,0.956
5,composition_distill,71,0.958
5,composition_distill,72,0.961
5,composition_distill,73,0.966
5,composition_distill,74,0.969
5,composition_distill,75,0.97
5,composition_distill,76,0.972
5,composition_distill,77,0.974
5,composition_distill,78,0.975
5,composition_distill,79,0.977
5,composition_distill,80,0.978
5,composition_distill,81,0.978
5,composition_distill,82,0.978
5,composition_distill,83,0.979
5,composition_distill,84,0.979
5,composition_distill,85,0.979
5,composition_distill,86,0.979
5,composition_distill,87,0.981
5,composition_distill,88,0.981
5,composition_distill,89,0.981
5,composition_distill,90,0.982
5,composition_distill,91,0.983
5,composition_distill,92,0.983
5,composition_distill,93,0.984
5,composition_distill,94,0.986
5,composition_distill,95,0.986
5,composition_distill,96,0.987
5,composition_distill,97,0.99
5,composition_distill,98,0.991
5,composition_distill,99,0.991
5,composition_distill,100,0.992
5,composition_distill,101,0.992
5,composition_distill,102,0.992
5,composition_distill,103,0.992
5,composition_distill,104,0.994
5,composition_distill,105,0.996
5,composition_distill,106,0.997
5,composition_distill,107,0.998
5,composition_distill,108,0.998
5,composition_distill,109,0.998
5,composition_distill,110,0.998
5,composition_distill,111,0.999
5,composition_distill,112,0.999
5,composition_distill,113,0.999
5,composition_distill,114,1.0
5,composition_distill,115,1.0
5,composition_distill,116,1.0
5,composition_distill,117,1.0
5,composition_distill,118,1.0
5,composition_distill,119,1.0
5,composition_distill,120,1.0
5,composition_distill,121,1.0
5,composition_distill,122,1.0
5,composition_distill,123,1.0
5,composition_distill,124,1.0
5,composition_distill,125,1.0
