arm,k,mean_hit_fraction,min_seed,max_seed
atomic_control,1,0.022999999999999996,0.022,0.024
atomic_control,2,0.027333333333333334,0.026,0.029
atomic_control,3,0.035500000000000004,0.033,0.039
atomic_control,4,0.049166666666666664,0.046,0.054
atomic_control,5,0.067,0.064,0.069
atomic_control,6,0.09199999999999998,0.089,0.096
atomic_control,7,0.106,0.104,0.109
atomic_control,8,0.12016666666666666,0.115,0.128
atomic_control,9,0.14233333333333334,0.133,0.151
atomic_control,10,0.157,0.151,0.162
atomic_control,11,0.17200000000000001,0.168,0.176
atomic_control,12,0.18333333333333335,0.179,0.187
atomic_control,13,0.19433333333333336,0.192,0.199
atomic_control,14,0.2018333333333334,0.199,0.206
atomic_control,15,0.21383333333333335,0.211,0.216
atomic_control,16,0.226,0.224,0.228
atomic_control,17,0.23649999999999996,0.232,0.24
atomic_control,18,0.24749999999999997,0.24,0.252
atomic_control,19,0.26133333333333336,0.249,0.269
atomic_control,20,0.2751666666666666,0.257,0.282
atomic_control,21,0.2848333333333333,0.27,0.293
atomic_control,22,0.2966666666666667,0.284,0.307
atomic_control,23,0.31150000000000005,0.299,0.323
atomic_control,24,0.32816666666666666,0.311,0.339
atomic_control,25,0.34149999999999997,0.33,0.349
atomic_control,26,0.35433333333333333,0.343,0.362
atomic_control,27,0.3705,0.36,0.379
atomic_control,28,0.38483333333333336,0.376,0.39
atomic_control,29,0.40199999999999997,0.389,0.413
atomic_control,30,0.4203333333333333,0.411,0.428
atomic_control,31,0.43766666666666665,0.426,0.448
atomic_control,32,0.4531666666666667,0.435,0.46
atomic_control,33,0.466,0.451,0.475
atomic_control,34,0.4788333333333333,0.463,0.487
atomic_control,35,0.49333333333333335,0.478,0.503
atomic_control,36,0.504,0.496,0.511
atomic_control,37,0.5175,0.512,0.525
atomic_control,38,0.5295000000000001,0.524,0.537
atomic_control,39,0.5426666666666666,0.537,0.548
atomic_control,40,0.5546666666666668,0.549,0.561
atomic_control,41,0.5631666666666667,0.557,0.568
atomic_control,42,0.5731666666666667,0.565,0.58
atomic_control,43,0.5821666666666666,0.578,0.587
atomic_control,44,0.5916666666666667,0.584,0.598
atomic_control,45,0.6011666666666667,0.598,0.605
atomic_control,46,0.6074999999999999,0.605,0.613
atomic_control,47,0.6168333333333332,0.613,0.624
atomic_control,48,0.6271666666666667,0.621,0.634
atomic_control,49,0.6371666666666668,0.631,0.645
atomic_control,50,0.6470000000000001,0.637,0.655
atomic_control,51,0.6588333333333334,0.651,0.668
atomic_control,52,0.6688333333333333,0.659,0.677
atomic_control,53,0.6803333333333333,0.668,0.69
atomic_control,54,0.6890000000000001,0.681,0.7
atomic_control,55,0.6963333333333331,0.69,0.704
atomic_control,56,0.7045,0.696,0.715
atomic_control,57,0.7143333333333333,0.706,0.723
atomic_control,58,0.7203333333333332,0.711,0.728
atomic_control,59,0.7284999999999999,0.719,0.736
atomic_control,60,0.7355,0.729,0.744
atomic_control,61,0.7425,0.736,0.751
atomic_control,62,0.7486666666666667,0.741,0.757
atomic_control,63,0.7538333333333332,0.746,0.762
atomic_control,64,0.758,0.751,0.765
atomic_control,65,0.7616666666666667,0.753,0.766
atomic_control,66,0.7675000000000001,0.756,0.772
atomic_control,67,0.7735,0.768,0.777
atomic_control,68,0.7775,0.772,0.782
atomic_control,69,0.7838333333333334,0.778,0.791
atomic_control,70,0.7868333333333335,0.782,0.794
atomic_control,71,0.79,0.783,0.798
atomic_control,72,0.7945000000000001,0.789,0.803
atomic_control,73,0.7991666666666668,0.791,0.806
atomic_control,74,0.8041666666666667,0.798,0.809
atomic_control,75,0.8078333333333333,0.802,0.813
atomic_control,76,0.8113333333333334,0.804,0.817
atomic_control,77,0.8155,0.806,0.821
atomic_control,78,0.8198333333333333,0.811,0.827
atomic_control,79,0.8233333333333334,0.814,0.832
atomic_control,80,0.8278333333333333,0.818,0.836
atomic_control,81,0.8323333333333333,0.824,0.84
atomic_control,82,0.8371666666666666,0.826,0.844
atomic_control,83,0.8426666666666667,0.835,0.847
atomic_control,84,0.8466666666666667,0.838,0.854
atomic_control,85,0.8506666666666666,0.843,0.86
atomic_control,86,0.855,0.846,0.864
atomic_control,87,0.8596666666666666,0.855,0.867
atomic_control,88,0.8638333333333333,0.859,0.872
atomic_control,89,0.8668333333333332,0.861,0.874
atomic_control,90,0.8715,0.864,0.883
atomic_control,91,0.8743333333333334,0.867,0.887
atomic_control,92,0.8775,0.867,0.889
atomic_control,93,0.8816666666666667,0.868,0.894
atomic_control,94,0.8861666666666667,0.873,0.898
atomic_control,95,0.8914999999999998,0.88,0.902
atomic_control,96,0.8985,0.887,0.909
atomic_control,97,0.9046666666666666,0.892,0.916
atomic_control,98,0.911,0.901,0.918
atomic_control,99,0.9151666666666668,0.907,0.923
atomic_control,100,0.9213333333333334,0.915,0.928
atomic_control,101,0.9249999999999999,0.922,0.93
atomic_control,102,0.9278333333333334,0.923,0.93
atomic_control,103,0.9308333333333335,0.929,0.932
atomic_control,104,0.9341666666666667,0.931,0.937
atomic_control,105,0.9378333333333334,0.935,0.943
atomic_control,106,0.941,0.937,0.945
atomic_control,107,0.9459999999999998,0.944,0.949
atomic_control,108,0.9473333333333332,0.945,0.95
atomic_control,109,0.9494999999999999,0.947,0.954
atomic_control,110,0.9521666666666667,0.95,0.958
atomic_control,111,0.955,0.953,0.96
atomic_control,112,0.9584999999999999,0.957,0.961
atomic_control,113,0.9606666666666667,0.959,0.964
atomic_control,114,0.9623333333333334,0.961,0.965
atomic_control,115,0.9661666666666666,0.963,0.971
atomic_control,116,0.9685,0.966,0.973
atomic_control,117,0.9725,0.969,0.978
atomic_control,118,0.9791666666666666,0.971,0.988
atomic_control,119,0.9843333333333334,0.977,0.992
atomic_control,120,0.9908333333333333,0.987,0.996
atomic_control,121,0.9975,0.996,0.999
atomic_control,122,1.0,1.0,1.0
atomic_control,123,1.0,1.0,1.0
atomic_control,124,1.0,1.0,1.0
atomic_control,125,1.0,1.0,1.0
composition_distill,1,0.09999999999999999,0.093,0.108
composition_distill,2,0.16516666666666668,0.149,0.177
composition_distill,3,0.21416666666666664,0.19,0.236
composition_distill,4,0.25333333333333335,0.232,0.282
composition_distill,5,0.28983333333333333,0.276,0.317
composition_distill,6,0.318,0.302,0.342
composition_distill,7,0.34349999999999997,0.323,0.374
composition_distill,8,0.3673333333333333,0.341,0.393
composition_distill,9,0.38999999999999996,0.373,0.414
composition_distill,10,0.414,0.395,0.433
composition_distill,11,0.43649999999999994,0.422,0.448
composition_distill,12,0.4543333333333333,0.44,0.459
composition_distill,13,0.47866666666666663,0.466,0.49
composition_distill,14,0.49616666666666664,0.482,0.508
composition_distill,15,0.5133333333333333,0.503,0.525
composition_distill,16,0.5293333333333333,0.52,0.541
composition_distill,17,0.543,0.531,0.554
composition_distill,18,0.5568333333333333,0.541,0.569
composition_distill,19,0.573,0.552,0.585
composition_distill,20,0.5846666666666667,0.567,0.597
composition_distill,21,0.5931666666666667,0.576,0.606
composition_distill,22,0.6073333333333334,0.591,0.626
composition_distill,23,0.6176666666666667,0.601,0.634
composition_distill,24,0.631,0.609,0.653
composition_distill,25,0.6431666666666667,0.622,0.666
composition_distill,26,0.6565,0.639,0.675
composition_distill,27,0.668,0.651,0.686
composition_distill,28,0.6813333333333333,0.664,0.7
composition_distill,29,0.6933333333333334,0.677,0.719
composition_distill,30,0.703,0.682,0.734
composition_distill,31,0.7144999999999998,0.693,0.744
composition_distill,32,0.7271666666666666,0.707,0.752
composition_distill,33,0.7411666666666666,0.72,0.766
composition_distill,34,0.7506666666666667,0.732,0.776
composition_distill,35,0.7618333333333333,0.75,0.781
composition_distill,36,0.7735000000000002,0.761,0.788
composition_distill,37,0.7841666666666667,0.774,0.803
composition_distill,38,0.7951666666666667,0.782,0.814
composition_distill,39,0.8053333333333333,0.79,0.823
composition_distill,40,0.8148333333333334,0.8,0.83
composition_distill,41,0.8256666666666664,0.814,0.84
composition_distill,42,0.8351666666666665,0.823,0.847
composition_distill,43,0.8426666666666667,0.833,0.851
composition_distill,44,0.8488333333333333,0.836,0.859
composition_distill,45,0.8573333333333332,0.842,0.866
composition_distill,46,0.866,0.859,0.873
composition_distill,47,0.874,0.866,0.883
composition_distill,48,0.8808333333333332,0.872,0.894
composition_distill,49,0.8883333333333333,0.881,0.897
composition_distill,50,0.8946666666666667,0.887,0.901
composition_distill,51,0.9023333333333334,0.895,0.91
composition_distill,52,0.9061666666666667,0.902,0.912
composition_distill,53,0.9113333333333333,0.907,0.917
composition_distill,54,0.9166666666666666,0.914,0.922
composition_distill,55,0.92,0.917,0.924
composition_distill,56,0.923,0.918,0.928
composition_distill,57,0.9256666666666667,0.921,0.933
composition_distill,58,0.928,0.921,0.935
composition_distill,59,0.9313333333333335,0.924,0.936
composition_distill,60,0.9338333333333333,0.926,0.94
composition_distill,61,0.9373333333333332,0.928,0.942
composition_distill,62,0.9403333333333334,0.932,0.945
composition_distill,63,0.9421666666666665,0.933,0.95
composition_distill,64,0.9451666666666666,0.934,0.952
composition_distill,65,0.9473333333333332,0.938,0.954
composition_distill,66,0.9498333333333333,0.943,0.955
composition_distill,67,0.9516666666666667,0.944,0.957
composition_distill,68,0.955,0.952,0.96
composition_distill,69,0.9573333333333333,0.953,0.962
composition_distill,70,0.9588333333333333,0.954,0.963
composition_distill,71,0.961,0.958,0.965
composition_distill,72,0.9636666666666667,0.961,0.969
composition_distill,73,0.9656666666666666,0.961,0.969
composition_distill,74,0.9671666666666666,0.962,0.97
composition_distill,75,0.9686666666666666,0.964,0.972
composition_distill,76,0.9705,0.966,0.974
composition_distill,77,0.9720000000000001,0.968,0.974
composition_distill,78,0.9733333333333333,0.97,0.975
composition_distill,79,0.9745,0.971,0.977
composition_distill,80,0.9754999999999999,0.973,0.978
composition_distill,81,0.9756666666666666,0.973,0.978
composition_distill,82,0.976,0.973,0.978
composition_distill,83,0.977,0.974,0.979
composition_distill,84,0.9771666666666666,0.974,0.979
composition_distill,85,0.9780000000000001,0.975,0.979
composition_distill,86,0.9783333333333334,0.975,0.98
composition_distill,87,0.9788333333333333,0.975,0.981
composition_distill,88,0.9793333333333333,0.975,0.981
composition_distill,89,0.9803333333333333,0.975,0.984
composition_distill,90,0.9813333333333335,0.976,0.985
composition_distill,91,0.9821666666666666,0.977,0.985
composition_distill,92,0.9828333333333332,0.978,0.985
composition_distill,93,0.9843333333333333,0.983,0.986
composition_distill,94,0.9851666666666666,0.983,0.987
composition_distill,95,0.9853333333333333,0.983,0.988
composition_distill,96,0.9858333333333333,0.984,0.988
composition_distill,97,0.9871666666666666,0.984,0.99
composition_distill,98,0.9876666666666667,0.984,0.991
composition_distill,99,0.989,0.987,0.991
composition_distill,100,0.9903333333333334,0.989,0.992
composition_distill,101,0.991,0.99,0.992
composition_distill,102,0.9918333333333332,0.991,0.993
composition_distill,103,0.9921666666666665,0.991,0.993
composition_distill,104,0.9929999999999999,0.992,0.994
composition_distill,105,0.9940000000000001,0.992,0.996
composition_distill,106,0.9953333333333334,0.994,0.997
composition_distill,107,0.9965,0.994,0.998
composition_distill,108,0.9966666666666666,0.995,0.998
composition_distill,109,0.9968333333333333,0.995,0.998
composition_distill,110,0.9975,0.997,0.998
composition_distill,111,0.9980000000000001,0.997,0.999
composition_distill,112,0.9981666666666666,0.997,0.999
composition_distill,113,0.999,0.998,1.0
composition_distill,114,0.9996666666666667,0.999,1.0
composition_distill,115,0.9998333333333335,0.999,1.0
composition_distill,116,1.0,1.0,1.0
composition_distill,117,1.0,1.0,1.0
composition_distill,118,1.0,1.0,1.0
composition_distill,119,1.0,1.0,1.0
composition_distill,120,1.0,1.0,1.0
composition_distill,121,1.0,1.0,1.0
composition_distill,122,1.0,1.0,1.0
composition_distill,123,1.0,1.0,1.0
composition_distill,124,1.0,1.0,1.0
composition_distill,125,1.0,1.0,1.0
