"path","bytes","sha256"
".gitattributes","470","f18874749720d1cfd713da697000ceb7deed12ac509bcf2ba40de66070d6f3c2"
"audit_inventories/grpo_entropy/AUDIT_MANIFEST.json","148199","8783a7a104d9b0dbdfef9e4f8086672e42f7cf0ee2cf3376ce47d0424bf525b3"
"audit_inventories/grpo_entropy/CHECKPOINT_INVENTORY.json","2337","fcf21521b3cc703041136cd3f9f7065e159e2c20e4db95c4db388fec80067acf"
"audit_inventories/withheld_pairs/first_block/AUDIT_MANIFEST.json","369406","7ba20214647dd1e974cda33aabaeb20c3957b77425f3b84cf50f41b3b81f1330"
"audit_inventories/withheld_pairs/first_block/CHECKPOINT_INVENTORY.json","2343","6d466b874332de7cf8911f441d6d7a4ff441a09170b47c0c4876f7692e7750fa"
"audit_inventories/withheld_pairs/k1_s2/AUDIT_MANIFEST.json","365090","f92566be294c491b53c1b386b3666820af20d8f6c7d333ef5c98c196edecc800"
"audit_inventories/withheld_pairs/k1_s2/CHECKPOINT_INVENTORY.json","2949","aac5004b2ba9dabfabbb31249f0f98ec0cf09b754b92d0b14a9f5e1713c7e413"
"audit_inventories/withheld_pairs/k1_s3/AUDIT_MANIFEST.json","364099","fa86de47c2da8dbf0e838f805cb5520ccf82db8a8a9efcc2c234a678786cee79"
"audit_inventories/withheld_pairs/k1_s3/CHECKPOINT_INVENTORY.json","2949","d218e7a8e9d5f1aae9be1ca928fb4580589b3733daaffeebd293dd5392251da5"
"audit_inventories/withheld_pairs/k1_s4/AUDIT_MANIFEST.json","364527","5a63304216132cd8b68d817a52f0e6ad17229734e955b913b28a269680946284"
"audit_inventories/withheld_pairs/k1_s4/CHECKPOINT_INVENTORY.json","2949","1876de261fed918bdf9ee9c6285ab1134556e0ffa506993ddaf75f60baf02743"
"audit_inventories/withheld_pairs/k1_s5/AUDIT_MANIFEST.json","364109","c9160b60967044c0f7db4c309bce7a27ef3e8c75ab983251e1827d87802286bb"
"audit_inventories/withheld_pairs/k1_s5/CHECKPOINT_INVENTORY.json","2949","0a72418dafca11b9b4fc294a8f0b0374a5be40aebd6c639d15cfb51bd729ef11"
"audit_inventories/withheld_pairs/k2_s1/AUDIT_MANIFEST.json","364163","8418807d1ff3b2be0b2b99f8545a12b4f66ee07f9133de03e06fc1cd01b0707b"
"audit_inventories/withheld_pairs/k2_s1/CHECKPOINT_INVENTORY.json","2949","684fce3b2541919d95e69da334d29d6cee0cbfec59a558f761f41609471f59c7"
"audit_inventories/withheld_pairs/k2_s2/AUDIT_MANIFEST.json","363938","aa71f5ccc61296537949b0543a6fd6c12d3606e463d005f27ae3185215623487"
"audit_inventories/withheld_pairs/k2_s2/CHECKPOINT_INVENTORY.json","2949","e5157808d7a4f82b391e6d5b9dff4695e8bee354ce1210c18c085c525c6f2a48"
"audit_inventories/withheld_pairs/k2_s3/AUDIT_MANIFEST.json","364352","79604e1b2cf5a28d80cbac587231f3fc4bc07e8783f7aabedf1b4db25726f030"
"audit_inventories/withheld_pairs/k2_s3/CHECKPOINT_INVENTORY.json","2949","0a32dff6d8d87283108a0dc9c3ac535509e6b0fed7f7d9b898f24d0d9e58924e"
"audit_inventories/withheld_pairs/k2_s4/AUDIT_MANIFEST.json","364109","17beb7fca9a6c998a85edb0bfa1959af823d24ba7086a84bd05601aeee995e39"
"audit_inventories/withheld_pairs/k2_s4/CHECKPOINT_INVENTORY.json","2949","a03c54d63aa3e3e1f25645da8d1da3f83f60725a34e3b6fdc8c1e23ddb20c64f"
"audit_inventories/withheld_pairs/k2_s5/AUDIT_MANIFEST.json","363938","22b4d6b896346db65207cbe76e96e9778068a5cb0f4d2d5ecda3f30c2462d7d2"
"audit_inventories/withheld_pairs/k2_s5/CHECKPOINT_INVENTORY.json","2949","4da728a3937fdcb9f93270d0e34fad52ab0c441130402adad3fbfa425fa49222"
"audit_inventories/withheld_pairs/k3_s1/AUDIT_MANIFEST.json","363938","c661ab3d3103cb67bf89738104193de20f32c92bbc51f95647d78d91da529554"
"audit_inventories/withheld_pairs/k3_s1/CHECKPOINT_INVENTORY.json","2949","1f8c490206288f0ce1bb48739776741de4855fdbaa26eae24d7e40edfd0b2546"
"audit_inventories/withheld_pairs/k3_s2/AUDIT_MANIFEST.json","364109","2e409829b4365b51a3c5300f65b73ef1d8a080982606d4768d66566df51a597d"
"audit_inventories/withheld_pairs/k3_s2/CHECKPOINT_INVENTORY.json","2949","89130989c2939fd46fd3307fe2178d792c064980ffae322a369f926f83ec6816"
"audit_inventories/withheld_pairs/k3_s3/AUDIT_MANIFEST.json","363938","6ba0169e2614caac2a99640fe006df294efce1e8e402f3e178a508262b25be33"
"audit_inventories/withheld_pairs/k3_s3/CHECKPOINT_INVENTORY.json","2949","4925936a936acdc7aaf6a0176615bf2c82c9e1e616fcfa1c9baaf327ce8c22df"
"README.md","7801","9ead2ee1433ce02fe025bc4276a118ab5e3f95427c61b5b6f52ef8397b6adf8f"
"source_snapshot/artifacts/grpo_entropy_20260923/holdout_1000.jsonl","346999","703049fb3b5655afed95b2bada36b3c85adc2712ef5c03a8dbf54a12afa9c57d"
"source_snapshot/artifacts/grpo_entropy_20260923/holdout_manifest.json","1939","a4843e000cf66e4f5f733ad56b0777e5e96d1e8635a19f066b964f2bc725918d"
"source_snapshot/artifacts/stage4_distill_v1/code/reevaluate_atomic.py","2094","ed4a4a2d8f1f3568ba85d0624507594bec5d3fa5cec50037a2122c0fb93241d5"
"source_snapshot/artifacts/stage4_distill_v1/code/report_negative.py","7372","3a2e366415c7e079979bff3f45800912cee3df21e3a488e283d84d1e50791230"
"source_snapshot/artifacts/stage4_distill_v1/code/runtime_audit.py","3031","b345f91b3e1565525f05de2653f6132dba5632f1f513827f5bd2ca2baabf5b9f"
"source_snapshot/artifacts/stage4_distill_v1/code/stage4_core.py","11062","7bd1cd61344228407e5e78394fdee5165da602ef03a49999498d660fa9d5881f"
"source_snapshot/artifacts/stage4_distill_v1/code/stage4_eval.py","5614","2caa31eb92a1eb596a0de4b1c8600d19d8af86bf20167492fc35f1010b691e01"
"source_snapshot/artifacts/stage4_distill_v1/code/stage4_model.py","9394","a0bae11bc5679eea46b35bf06abf0746c158227bbc215308ba58c4555e1def19"
"source_snapshot/artifacts/stage4_distill_v1/code/stage4_stats.py","2002","16546fb3257d67f04c5744e5de410fe6b7e7acbb9f9705e293aacbd1a0e488b0"
"source_snapshot/artifacts/stage4_distill_v1/code/stage4.py","20462","35264d69ced11fdd2a9c7ef42c48bf545d0a5ca22d254e2434b54334b9ed9564"
"source_snapshot/artifacts/stage4_distill_v1/configs/protocol.json","946","78ef4fc2aa4b9cc332efab27818d365d81f80a7d675e8c12c7ea9744f4d74100"
"source_snapshot/artifacts/stage4_distill_v2/code/release_v2.py","10643","6dbde496f689f4a4d756c287aa9bd5cc40ac6660d886bd9df226c17d8617d6ad"
"source_snapshot/artifacts/stage4_distill_v2/code/v2_atomic.py","11831","fb2aed4aefcf00b0303d4d805db56e6ada517e670a1ccbece4dbde50ba2ea528"
"source_snapshot/artifacts/stage4_distill_v2/configs/atomic_protocol.json","861","1b6f8c0cc06ca112d7f517be83700431157dc15ab2983eed7652ace34ebec301"
"source_snapshot/artifacts/stage4_distill_v3/code/v3_train.py","9859","7bb3f4662633b1c0d0085d578707641e602935176fa8c93ea77ee52c5c64f513"
"source_snapshot/artifacts/stage4_distill_v3/configs/protocol.json","555","c2d1ecf577e7e3c20acd8232b4a4c0b8094bb91cafc090a3cc8bc4965b63553a"
"source_snapshot/artifacts/stage4_distill_v5_0p6b_exploratory_sh1_72p8/code/composition_core.py","48162","e62cab096f7a8524092e5343fd037adb6d67ed13fd8c0b6ded9537757cb5a89a"
"source_snapshot/artifacts/stage4_distill_v5_0p6b_exploratory_sh1_72p8/code/composition_eval.py","26821","0e9452ccf2842f46d911cd702b75f29a98426534b0e5b709250aea50fa799efc"
"source_snapshot/artifacts/stage4_distill_v5_0p6b_exploratory_sh1_72p8/code/composition_model.py","32668","253671c5602f05f4f5604509b8d8c1d1d99bf340996a972802fa2af5ed4fd233"
"source_snapshot/artifacts/stage4_distill_v5_0p6b_exploratory_sh1_72p8/code/composition_release.py","85692","4696d9d86636e10128f2d5b237f83f7f0fecac9b2e727dc84312f2c451bdd777"
"source_snapshot/artifacts/stage4_distill_v5_0p6b_exploratory_sh1_72p8/code/composition_stats.py","22986","6a2c4164448e80b43492ddc7dea0cc418a331c463249f02a48808e10c0321994"
"source_snapshot/artifacts/stage4_distill_v5_0p6b_exploratory_sh1_72p8/code/stage4.py","142782","2f69b8e7829c2cb56c6d525783cf182278434bdfb18023d207c4bc6db79b8102"
"source_snapshot/artifacts/stage4_distill_v5_0p6b_exploratory_sh1_72p8/configs/exploratory_atomic_authorization.json","3382","6a95be0ad380c3657cbb96102bb14de6fea8210f712ec993f0679b323867ccce"
"source_snapshot/artifacts/stage4_distill_v5_0p6b_exploratory_sh1_72p8/configs/protocol.json","4930","89220e6e3fa7b56544bf73abbd9f143ec831880075892475a12b38c4c5ce38a5"
"source_snapshot/artifacts/stage4_sh1_v5_0p6b/code/plan_raw_audit.py","9466","d637ba596c23ce1dfeef42915c4707fa630614f58b6b794c812558da7b9f478d"
"source_snapshot/artifacts/stage4_sh1_v5_0p6b/code/v5_train.py","39894","302a07a1bc14ca7311d9e0965b6db992200677b6cec96a31dcd1b8f6adff057d"
"source_snapshot/artifacts/stage4_sh1_v5_0p6b/configs/protocol.json","1297","a1d482bd81ed3db0a13062c61cf1ff4fb9f4c5ef241d0e99e8fc2849d9db0018"
"source_snapshot/artifacts/trajectory_diversity_20260922/data/holdout_final_a.jsonl","567662","eba422674369c788c1b06616bbfb0e02ce4c0e52162cfde066ed3c80ad6299df"
"source_snapshot/artifacts/trajectory_diversity_20260922/data/holdout_receipt.json","346","e38f3e811287dec98772e067fcd2ae15e7024ffbb8c62f68e15372d358aab451"
"source_snapshot/artifacts/trajectory_diversity_20260922/SELECTION_FROZEN.json","672223","609ea5657269b4371a3033de29bc2099cf629549f3133a3c8f3dc32e492fe9d0"
"source_snapshot/artifacts/withheld_pairs_20260923/FREEZE.json","8277239","99df70ce2030c18f3e86368e1c4a86ea3704fa729c6c355ee8a90c90d1333dd2"
"source_snapshot/artifacts/withheld_pairs_20260923/holdouts/k1_s1_control.jsonl","575925","d15a8aae6a4424ee986a9e6efdd3528e99268ae0a5fbf91d1156c6ff5c0d699f"
"source_snapshot/artifacts/withheld_pairs_20260923/holdouts/k1_s1_withheld.jsonl","537150","f1cc584c28e77ccbde5b4a0db05e98bcea87a89210fab615d0f18887bf76fdc3"
"source_snapshot/artifacts/withheld_pairs_20260923/holdouts/k1_s2_control.jsonl","572565","fdee5cd97c10cd2eaa05e5c4fbdfe31d31e19dd63ccca3cc855f5e599a0bdbb2"
"source_snapshot/artifacts/withheld_pairs_20260923/holdouts/k1_s2_withheld.jsonl","542474","1fab22a2047f38f5e2a987f25fa91db8fa928f0a311273b8412f21f6be216857"
"source_snapshot/artifacts/withheld_pairs_20260923/holdouts/k1_s3_control.jsonl","572867","0b91961911c4406d302fdc3a4cf837359d5c70b1cc9f63182502d8b26b4c548b"
"source_snapshot/artifacts/withheld_pairs_20260923/holdouts/k1_s3_withheld.jsonl","559023","b82a6d44a2f9de908e43cefec42667736498315d3d976a02e4b47acf83767b5b"
"source_snapshot/artifacts/withheld_pairs_20260923/holdouts/k1_s4_control.jsonl","557286","406659d2c1d02bb968e49da18cf9fe6e0239b61aafa8196bbefb3062fd8d9747"
"source_snapshot/artifacts/withheld_pairs_20260923/holdouts/k1_s4_withheld.jsonl","630458","193d141e45094b3a064a3a25f6be76009ae01fddc25f1dacd07a0e563c4c1a6c"
"source_snapshot/artifacts/withheld_pairs_20260923/holdouts/k1_s5_control.jsonl","575389","7d3b71b3d270b0f862066e3bd23c9140c44b2cb05a8866c167e6eab572a01612"
"source_snapshot/artifacts/withheld_pairs_20260923/holdouts/k1_s5_withheld.jsonl","546423","9abd19570a478c0ff14dda6992cce25c1a0214d2363f7c65da0c00f80d6b7ecb"
"source_snapshot/artifacts/withheld_pairs_20260923/holdouts/k2_s1_control.jsonl","564498","e4c0775bb26ffc83a11438bdc834055de700ef04eb9d6e3128c0829fd7295f4e"
"source_snapshot/artifacts/withheld_pairs_20260923/holdouts/k2_s1_withheld.jsonl","578620","0342989dbab1f219fee0287d6424b30c0706f50003fe2257ca493460efb23e35"
"source_snapshot/artifacts/withheld_pairs_20260923/holdouts/k2_s2_control.jsonl","561152","ad3001ca4a46c1218bb84888c2b293239d7ce3ea2966f0f74e7c2186e69a564b"
"source_snapshot/artifacts/withheld_pairs_20260923/holdouts/k2_s2_withheld.jsonl","600056","975581a3ac1fdc4cfc3840b97958d7f7d4fe4070947fee7de46312e7e391f21f"
"source_snapshot/artifacts/withheld_pairs_20260923/holdouts/k2_s3_control.jsonl","578043","286132a7c4867aa3cc4746604df0493cf4ae3f3b78ac25bd10a8a6f1a248aa2b"
"source_snapshot/artifacts/withheld_pairs_20260923/holdouts/k2_s3_withheld.jsonl","545097","860d8c59be2992e29512ca07c06e31703d71fe7bcdbf2829e2e810a151ab0762"
"source_snapshot/artifacts/withheld_pairs_20260923/holdouts/k2_s4_control.jsonl","547138","35eef84d5011e09a9db10945538d4b6c02fbaffebe224161dba9c76f3327c7a7"
"source_snapshot/artifacts/withheld_pairs_20260923/holdouts/k2_s4_withheld.jsonl","634470","00ac672cf5b11e37f19853203836bffd0de98b6b1f7d9cf9b06bfdf8c41726ee"
"source_snapshot/artifacts/withheld_pairs_20260923/holdouts/k2_s5_control.jsonl","563316","b974bee5446b287697042e37039082935a1242946b2ed7043be075bbdfab5c83"
"source_snapshot/artifacts/withheld_pairs_20260923/holdouts/k2_s5_withheld.jsonl","582583","031baf8aebcbda9c7d4a59a5a341ce529b189d1b09b26a2f890734b8f16faa32"
"source_snapshot/artifacts/withheld_pairs_20260923/holdouts/k3_s1_control.jsonl","557182","779c50a4ec369992ed7cb863a0d624fd82f43bdfed8994e0cd4cf22ac4d33285"
"source_snapshot/artifacts/withheld_pairs_20260923/holdouts/k3_s1_withheld.jsonl","580298","b599a1ed5bfef5b80ac678a091f08391a288155a1b6542a81a93a9328c97c315"
"source_snapshot/artifacts/withheld_pairs_20260923/holdouts/k3_s2_control.jsonl","562528","f142e68e51e36e94c6eaa5fed73ddd848ae0d65c0825a2ea4ae7210458f673ec"
"source_snapshot/artifacts/withheld_pairs_20260923/holdouts/k3_s2_withheld.jsonl","583292","facbf20417a6d6fd804c49daec198cc9a450f82ba8327321beba34b0cb1ce0d6"
"source_snapshot/artifacts/withheld_pairs_20260923/holdouts/k3_s3_control.jsonl","568445","cb47b468cd6c607b2b4325c09d6ec3ff6f6c26b585ae7efd38281dab099dcb96"
"source_snapshot/artifacts/withheld_pairs_20260923/holdouts/k3_s3_withheld.jsonl","570597","d7a4e3f9206aaa896e811fcb8d866cf3dd3315cbe4aa14317aafbe7d7b0ccd4d"
"source_snapshot/artifacts/withheld_pairs_20260923/holdouts/k3_s4_control.jsonl","561764","80c864b3c87340629655ca62dc1f1d2ebc5dd091b68c0e94893d33230118c0c0"
"source_snapshot/artifacts/withheld_pairs_20260923/holdouts/k3_s4_withheld.jsonl","578236","8de88df981aea7ef82c7f2d59f74f399b57b080d48e186d1b73d2fb8c0f9dfca"
"source_snapshot/artifacts/withheld_pairs_20260923/holdouts/k3_s5_control.jsonl","560124","88f8e40daf45f1f46f601111b7934e520e2b886d64b7b67c19905555d18cd642"
"source_snapshot/artifacts/withheld_pairs_20260923/holdouts/k3_s5_withheld.jsonl","582754","0ef356fa38ff70702843477a9faa6dc9d4655d45ddbdecdb32af10a70dc9adab"
"source_snapshot/artifacts/withheld_pairs_20260923/holdouts/k5_s1_control.jsonl","571491","94184dea31924fe0c31aea8ccc439c99cdee3659862bfa47c9344504163fd188"
"source_snapshot/artifacts/withheld_pairs_20260923/holdouts/k5_s1_withheld.jsonl","575748","11d9b3ecd56e8c9cdd8b6f7cf61b6359c0398c01735a063bc7f929b1f2b3584c"
"source_snapshot/artifacts/withheld_pairs_20260923/holdouts/k5_s2_control.jsonl","553023","7222d91d1eef053a217729dfd5124526d2dd3224ca0872f509e8202ad561d60e"
"source_snapshot/artifacts/withheld_pairs_20260923/holdouts/k5_s2_withheld.jsonl","581028","46191b258d903556d58d3969cd4efa57dd2e03023e2a4d0ce164e03e441eb754"
"source_snapshot/artifacts/withheld_pairs_20260923/holdouts/k5_s3_control.jsonl","558813","4ce885acf52f507ef80280212e88f64cebcaca0b0e629a9620c319dc27e45d04"
"source_snapshot/artifacts/withheld_pairs_20260923/holdouts/k5_s3_withheld.jsonl","579784","d856ec08775c9edb0805bf34c923c895ffd3669eb05894bb5944d2d21256fc8f"
"source_snapshot/artifacts/withheld_pairs_20260923/holdouts/k5_s4_control.jsonl","553256","d732c2f1aba2c5e9c005914ef4c14676ffe754a3d84ae4aebe1ce6e1d1c3c213"
"source_snapshot/artifacts/withheld_pairs_20260923/holdouts/k5_s4_withheld.jsonl","584630","dc4e8562725c6d062d2b0a608a7e5b86b18cf11111c232c462a9df7d759a1f56"
"source_snapshot/pyproject.toml","658","11123b9fdb07f0269fe851c7cee16e80532bd46b95b69149845747d61811e502"
"source_snapshot/reports/build_work_report_20260922_24.py","17107","35d2e4bfbe9344ad51e72683d695bd695242e9b776dc45c168d9fc3fe4623fe0"
"source_snapshot/reports/grpo_entropy_20260923/AMENDMENT_001.md","803","e106f4ec5502fa87df9f1e65e3b07c8a976be12449332f76c892c616669341a4"
"source_snapshot/reports/grpo_entropy_20260923/AMENDMENT_002.md","665","d6df2eb192746e80cd3fd8dcce17af506edec7f1bbd1bd8645b02fda1d363016"
"source_snapshot/reports/grpo_entropy_20260923/AMENDMENT_003.md","1265","609e3f794c2271f2cc2834088efff3df2115f13316723972e20fcae15ab11c01"
"source_snapshot/reports/grpo_entropy_20260923/AMENDMENT_004.md","1790","3f9027ca2e48b4e0ba1c2743d0ee1b65569c0a22905c23b52a19452b853b16db"
"source_snapshot/reports/grpo_entropy_20260923/audit_ablation.py","21869","6101aaaeedf44f511ffc1da6795ff40363da49b90fd40389ab325d256d50211e"
"source_snapshot/reports/grpo_entropy_20260923/benchmark_evaluation.py","2276","71c1f90a30bd805ef89c8f073fba50f2ca12c531d3408746326887400b86e067"
"source_snapshot/reports/grpo_entropy_20260923/build_grpo_run_index.py","2868","3f2846b81554a1275eb1f928d33f23ec3340889eb1996f128af75081df66f62a"
"source_snapshot/reports/grpo_entropy_20260923/bundle_ablation.py","9076","be1846fa37c8d3299c4e887be00ad3f42e092932a2c43a7bbfa20a8480e5dbe4"
"source_snapshot/reports/grpo_entropy_20260923/data/paired_ablation/analysis_summary.json","980","45eef320550741d0075408089ec6ea21ddcb33ae9fd707db7e4943e7435619f1"
"source_snapshot/reports/grpo_entropy_20260923/data/paired_ablation/group_blocks.csv","2547","a667665d7afe79baf7aa09dd816f3e0960d1d213e7d2ddc955edd6ed11e21234"
"source_snapshot/reports/grpo_entropy_20260923/data/paired_ablation/group_steps.csv","80335","ff39e56f7adcb3db05440c0e12f0cf40666b98d0f0ee6a9ef476bab39fce4e31"
"source_snapshot/reports/grpo_entropy_20260923/data/paired_ablation/grpo_entropy_150step_paired_audit.zip.sha256","104","d886233be99bd4336ea0e8426ea84b93e11f915894efa9709c91fe5664610340"
"source_snapshot/reports/grpo_entropy_20260923/data/paired_ablation/hit_k.csv","15000","8b49c2a695d92d94bb8f94c5d112ec9af15846a43e1521609cc03e777bd1ec1b"
"source_snapshot/reports/grpo_entropy_20260923/data/paired_ablation/seed_metrics.csv","1644","8301626a892aec41ff2a793fb27dbbd67d1f8c3e23bf5024af8f6f90ad5c5604"
"source_snapshot/reports/grpo_entropy_20260923/data/paired_ablation/task_metrics.csv","659588","31391058843dd4e6d9086452058e63ce13bef37d1f4f6623f500f76a4c86b184"
"source_snapshot/reports/grpo_entropy_20260923/data/run_index_verified.csv","315","3871e74c08a049b6f1c1d99045ce20d0017729b5109ee6d4f87837d8b12186d3"
"source_snapshot/reports/grpo_entropy_20260923/DURATION_FREEZE_FP32.json","1303","2d3ba9b90f376cd81a49605f8abb9175f649c765494b6f5c5b512f84d81c2b91"
"source_snapshot/reports/grpo_entropy_20260923/DURATION_FREEZE.json","960","d41f2bfaf5f785c422ff606b561e21af0ab31238395b52b88b57258d42822b0d"
"source_snapshot/reports/grpo_entropy_20260923/existing_logs_audit/grpo_audit_summary.json","595","4c16eff9e3b50d3fd1a6cd560aafa2cc941d5ee4ea20f3d0e8188a3fe5ce56cf"
"source_snapshot/reports/grpo_entropy_20260923/existing_logs_audit/grpo_blocks_per_seed.csv","8671","eed27a74a7fd93fa7129177ba3c5ea9eb87637eb883c264612df941c633685f4"
"source_snapshot/reports/grpo_entropy_20260923/existing_logs_audit/grpo_groups.csv","219262","1914831f742b3e742ee38b733a9e776c93b8ea5a0d97422a3f4cdff0a190cb64"
"source_snapshot/reports/grpo_entropy_20260923/grpo_queue.py","18490","eb263e0f54a16f81fc0790b2cdffa57ce753adc0dbca9d24183361aae6f893c4"
"source_snapshot/reports/grpo_entropy_20260923/metrics.py","4341","64c06d070526b2e227b9c6eba4ff405f6ec32ac1c6c7092e136c4b56a65fbfa3"
"source_snapshot/reports/grpo_entropy_20260923/prepare_holdout.py","4114","a63a856b6e117335886c2361053f187039c740c0bafb2e24b74fe9fce3858305"
"source_snapshot/reports/grpo_entropy_20260923/PROTOCOL.md","4055","8ee87d02bb7c9617f15a18c9c3ff1c2628d69d6d4591c6a8d1fcc7829c2a568b"
"source_snapshot/reports/grpo_entropy_20260923/run_ablation.py","14347","5e0d5c1fe53be54e75f0bea01bf94a865dd3f73827ef47409482b8ee14299188"
"source_snapshot/reports/grpo_entropy_20260923/run_evaluation.py","9316","815b78726b9c0b8053fe87cb9d016a979d6f98a8b94c5dac4717d385238374a5"
"source_snapshot/reports/grpo_entropy_20260923/test_audit_ablation.py","2232","74790851e884c1425e3b76101d8281e109d2dc5f5eb0bce4d799d602fe86fcf3"
"source_snapshot/reports/grpo_entropy_20260923/test_benchmark_evaluation.py","548","decb3a425c44b00a8848a4606b2435f6eb98f8a1d4c912c87ac7f65be075372b"
"source_snapshot/reports/grpo_entropy_20260923/test_build_grpo_run_index.py","1867","8875594cf453ab3a14e7bb3834e4a8d893fed51e48bf0100fdc06218fdb942ea"
"source_snapshot/reports/grpo_entropy_20260923/test_bundle_ablation.py","5260","cd2777f097e4509ca34cf2d76382f4c5cbb2b911fe5af31a1159bd816a40e95f"
"source_snapshot/reports/grpo_entropy_20260923/test_duration_freeze.py","1868","4282766df509ba22ef307864c3ed6ee46391262ac4597ba80fb080608bbb69e6"
"source_snapshot/reports/grpo_entropy_20260923/test_grpo_entropy_metrics.py","2320","eca43aaab051e24656a819e5ad93724a5aeeba318151882c966479ee1b519654"
"source_snapshot/reports/grpo_entropy_20260923/test_grpo_queue.py","5211","8a568ac0bc2145f92ade2d2d4e1a65bc1cc779387cf288ab32882dd70cfd7e4d"
"source_snapshot/reports/grpo_entropy_20260923/test_prepare_holdout.py","1321","e5ecbf71b1128cde56152de9d719d7c04ef6e9c3bfa4fa2a4e963d790f1d850d"
"source_snapshot/reports/grpo_entropy_20260923/test_protocol_hashes.py","480","87a3f082318bc56c5b7954858225fe0f1a63f1749344018d0af6055ecd3321d4"
"source_snapshot/reports/grpo_entropy_20260923/test_run_ablation.py","2451","70a03f1972cf57a59305c52dda5ce82cef22c01507f11ba0f40d32bf550c7dda"
"source_snapshot/reports/grpo_entropy_20260923/test_run_evaluation.py","1395","146a1831ec5ca33a1524743baaf8b192fc6108eea2d3dcdc2a2e5cb59ad1ddb6"
"source_snapshot/reports/overnight_20260923_24/ACCEPTANCE_CHECKLIST.md","4326","99b522c5138d1ef865ff9e722d09edab7080164b2ca48652a7bc82a5fde5e237"
"source_snapshot/reports/overnight_20260923_24/check_report.py","4280","c9390a8b3201dfed18281e1df2f182b4e497c86deaa7461edbb0a5f5a4f7fa48"
"source_snapshot/reports/overnight_20260923_24/FINAL_REPORT.md","12634","394069ac88493297720a3bca93ca7cb3a35c21d671fa54b942db2e13b1c28cca"
"source_snapshot/reports/overnight_20260923_24/queue_snapshots/20260924_final/ccmplanner_k1s1.jsonl","3792","cf91fa21417f517ad825c50c1c4ecb95c70aea42415419d1b2c190553e11cc68"
"source_snapshot/reports/overnight_20260923_24/queue_snapshots/20260924_final/ccmplanner_k1s2.jsonl","5789","a2717cadb8e692cd75610fbca21d331e9a24568b99814f8f97ac694dbf9e2135"
"source_snapshot/reports/overnight_20260923_24/queue_snapshots/20260924_final/ccmplanner_k1s4.jsonl","4936","a3d27856bc3f4620da92c2eb82102d417a8e03916ad380e3feaa9aa6c8fca752"
"source_snapshot/reports/overnight_20260923_24/queue_snapshots/20260924_final/ccmplanner_k2s2.jsonl","4232","2553fd8fbc9b2259a52ccc89d3be3a6330e016e08961e2164c6193c8d7d952e9"
"source_snapshot/reports/overnight_20260923_24/queue_snapshots/20260924_final/ccmplanner_k2s5.jsonl","4232","0e6404494d8074a167f155c5db4448bee814e5b49866d36d76762d157df68a5e"
"source_snapshot/reports/overnight_20260923_24/queue_snapshots/20260924_final/ccmplanner_k3s1.jsonl","4232","24838456d3546e49bbdf448113e1d9e8e42f654e2276ec8e45302c6fc08ac388"
"source_snapshot/reports/overnight_20260923_24/queue_snapshots/20260924_final/ccmplanner_k3s3.jsonl","4232","85d7a9f713bb88a4351dc5de20ba0e71f657bfef52f144d5cea946412cd44ca7"
"source_snapshot/reports/overnight_20260923_24/queue_snapshots/20260924_final/cds2_k2s1.jsonl","4232","fb4d5b56bf07b42294dbd93c6e764a02528f8b71e26ec30ad629048297a67f65"
"source_snapshot/reports/overnight_20260923_24/queue_snapshots/20260924_final/cds2_k2s3.jsonl","4936","ab3aa841e9e9eb1957aa461327d7a97df5ebeb2c492d7c3ab6dc3dabe1801e32"
"source_snapshot/reports/overnight_20260923_24/queue_snapshots/20260924_final/cdsserver_k1s3.jsonl","4232","8029a2d51709d29bfe05ee972531a0d12f94ef57d15dc5771da57d4001cc31b1"
"source_snapshot/reports/overnight_20260923_24/queue_snapshots/20260924_final/cdsserver_k1s5.jsonl","4232","2bf47c7e2dbde7d1745e7ab4b8c683fe793aec45d36190300d2a3a5001c3f504"
"source_snapshot/reports/overnight_20260923_24/queue_snapshots/20260924_final/cdsserver_k2s4.jsonl","4232","001c4a3afaff24167b214125b5c476cbc858eccfa1c69f91b9f6b15c5b473af0"
"source_snapshot/reports/overnight_20260923_24/queue_snapshots/20260924_final/cdsserver_k3s2.jsonl","4232","6b97e1bee4dd2fb2ca59005b907a95f00a4b7a66527d341bf2ddc427693f82f4"
"source_snapshot/reports/overnight_20260923_24/queue_snapshots/20260924_final/README.md","2252","9baabe359b07c6d36019789d37ba0bd050cbabaab16719c9f36a99c1dd03c71e"
"source_snapshot/reports/overnight_20260923_24/queue_snapshots/20260924_final/run_index.csv","8215","9a2926fa44e6bb1b10201d037ef873c9cdaf2c489e195fdb7429822afe5ac196"
"source_snapshot/reports/overnight_20260923_24/test_check_report.py","2587","c05ada5a3a57869917b35ced162145582f60e8607dad9089ba23de8c9bf6381f"
"source_snapshot/reports/trajectory_diversity_20260922/ANALYSIS_PROTOCOL.md","2877","ca78f73e5f6537f788f081c25e191582332d65bb9ff5154280238c7989f9a314"
"source_snapshot/reports/trajectory_diversity_20260922/analysis.py","10428","b69f371cd29260305c949909401342c0968adf017c757844167b5f4459d4260c"
"source_snapshot/reports/trajectory_diversity_20260922/analyze_experiment.py","10831","1ca2e8a1f7be8f864e69704da835e956160f40ec6702aa3261489023c69eadae"
"source_snapshot/reports/trajectory_diversity_20260922/build_audit_archive.py","3781","2257a9662bb73b5a5f886522da7e0372bd2736e98e3e733a086f7d55d03caf60"
"source_snapshot/reports/trajectory_diversity_20260922/data/audit_summary.json","931","6f62c1b3e62cc8912dfb0e182b41dd85bee50c9eda52302ff01347a86cb8599a"
"source_snapshot/reports/trajectory_diversity_20260922/data/grpo_audit_summary.json","595","4c16eff9e3b50d3fd1a6cd560aafa2cc941d5ee4ea20f3d0e8188a3fe5ce56cf"
"source_snapshot/reports/trajectory_diversity_20260922/data/grpo_blocks_per_seed.csv","8671","eed27a74a7fd93fa7129177ba3c5ea9eb87637eb883c264612df941c633685f4"
"source_snapshot/reports/trajectory_diversity_20260922/data/grpo_groups.csv","219262","1914831f742b3e742ee38b733a9e776c93b8ea5a0d97422a3f4cdff0a190cb64"
"source_snapshot/reports/trajectory_diversity_20260922/data/hitk_mean.csv","12291","f7d2a1e1a464ddbf6a83b9aa49134299485b282024ab2b896d15fe5b885fce50"
"source_snapshot/reports/trajectory_diversity_20260922/data/hitk_per_seed.csv","44155","f7823a01d8c5b46f7fe91c72fe0d180e94dae64746db267b69d1ee2cf3ab5991"
"source_snapshot/reports/trajectory_diversity_20260922/data/new_experiment/analysis_summary.json","1636","accd89cf67efcb86cff14105fb7c8ea070b74149b96cfc446f73cc54d02567dd"
"source_snapshot/reports/trajectory_diversity_20260922/data/new_experiment/atomic_forgetting.csv","3166","0f23b20ec8df5c84b5a0583ec49e9998c05977a2c2bff31415b870da1ddde85f"
"source_snapshot/reports/trajectory_diversity_20260922/data/new_experiment/hitk_mean.csv","9711","23296d904ba5b6f0be64d228aadfaf42b7a0ba396d356459602ea5a4686a398d"
"source_snapshot/reports/trajectory_diversity_20260922/data/new_experiment/hitk_per_seed.csv","35097","02d2225c78c75883a242a5493c85ef134e328e1ed9152e702771a83efce4867a"
"source_snapshot/reports/trajectory_diversity_20260922/data/new_experiment/integrity_audit.json","3142","45cbbb3897dea61bc4f80a3ea4e300c8a48981392f53a3a3d8abe512dade22cc"
"source_snapshot/reports/trajectory_diversity_20260922/data/new_experiment/seed_metrics.csv","1244","974cd12c4fadae780dcca9c73b3f8a1d306eefb853cd8252b4b002826d90374b"
"source_snapshot/reports/trajectory_diversity_20260922/data/new_experiment/task_metrics.csv","2171207","f40cf7c05f29bd7774c668285db2de32654cb09646c6c2dd890d999ee2cfacea"
"source_snapshot/reports/trajectory_diversity_20260922/data/seed_metrics.csv","1326","d69660a510a8acf3e1abbbaf01c8c9758ae07de94b662e140480ad51b0e5d123"
"source_snapshot/reports/trajectory_diversity_20260922/data/task_metrics.csv","2265507","c7f041aa67d703f76f7355918eb20823de4b5ced8d169edfa399ac55e4118a13"
"source_snapshot/reports/trajectory_diversity_20260922/EXPERIMENT_PROTOCOL.md","4000","721ee650f6d6e1b1ac69edd57dd110c260f49b56e6d0513c5e19c3e522c0840b"
"source_snapshot/reports/trajectory_diversity_20260922/figures/existing_exact_entropy.png","58957","d4a8c9bdbcc3ed7125afb42e2f34518ad74081d7a9d1528e188eb5b834998866"
"source_snapshot/reports/trajectory_diversity_20260922/figures/existing_hitk_1_125.png","129901","4bd460426ea1509c2dcd8f43b44f7f9dd3935ee6abcb89fd4b46bfd8f62c5319"
"source_snapshot/reports/trajectory_diversity_20260922/figures/grpo_empirical_entropy.png","380934","ddfd5065bfd0983ab67e2a305c39a1224e694b58eff1447185fafc8e0a6c6cd1"
"source_snapshot/reports/trajectory_diversity_20260922/figures/selection_hitk_1_125.png","116712","297338644736009f7cc4472b654064b3bc5d26147f1a191b9f1ed675637121f5"
"source_snapshot/reports/trajectory_diversity_20260922/grpo_entropy.py","8705","822ce4a8364d4b6fe61225c5067dbb86e5e72326a405b33a0f992a7fa66cf6cc"
"source_snapshot/reports/trajectory_diversity_20260922/plot_analysis.py","5993","1c30bc30f3b02e2d7079248a3aecaa9e4a7ff447331069027ee8a6cfd7ecb5f6"
"source_snapshot/reports/trajectory_diversity_20260922/prepare_experiment.py","5434","3dc2c16e33abbb177baa8d8082e4a7afb550285da8d8fe6cc0cd0e52804dcc02"
"source_snapshot/reports/trajectory_diversity_20260922/remote_resume_eval.py","7487","fbc755a3c7d8f77cdc404235c35e6308bffd5cd1f7474a8be8a8f80312fae303"
"source_snapshot/reports/trajectory_diversity_20260922/REPORT.md","16115","9a3d707577362674bf72611d5f5e068c9b1109eca0fc76152de320fc830834bd"
"source_snapshot/reports/trajectory_diversity_20260922/run_experiment.py","15183","5291f3460926487778b97203ffb937fbb57e0f1369602366561f33b276c84ae5"
"source_snapshot/reports/trajectory_diversity_20260922/RUN_INDEX.md","3368","13844e111da99de763652686951159c961821193d23b0e22c11d78aba7981ce3"
"source_snapshot/reports/trajectory_diversity_20260922/selection.py","6838","985a0d744feeec11622d0688c868041b2d4f9aefbaecf711e0585d5b43c5d134"
"source_snapshot/reports/trajectory_diversity_20260922/test_analysis.py","1454","b5eabb7129d111c3f48d450d0769f41f365a0f38358be3dbde78733c1ae961f8"
"source_snapshot/reports/trajectory_diversity_20260922/test_analyze_experiment.py","713","35b3af67ae07bbe2e873f3f23f1267eda6fdffb1078d074ccb34cbf908a3c677"
"source_snapshot/reports/trajectory_diversity_20260922/test_build_audit_archive.py","3306","ff3ed736f95484e48574887b7506bc0088a8caf27b26efad2eb1d85d77291492"
"source_snapshot/reports/trajectory_diversity_20260922/test_grpo_entropy.py","1383","7de9ed303409f5ca62e988574b39cad22079acffaabcc718a8db1713788ad565"
"source_snapshot/reports/trajectory_diversity_20260922/test_integrity_failures.py","4169","69ab0a104c1af39a88e51331b3a8269d7721786b3fb8c89b3bf70f0a901e1543"
"source_snapshot/reports/trajectory_diversity_20260922/test_plot_analysis.py","790","d0478f14a81607d1cb59d8c14cf389c3729afbddf65c28b8da50e033211e9ec0"
"source_snapshot/reports/trajectory_diversity_20260922/test_prepare_experiment.py","399","8e3a01fc95aa4aa03beb49c3875da52f3fe7d45a80ea81d30070e0028cc69c10"
"source_snapshot/reports/trajectory_diversity_20260922/test_run_experiment.py","956","78f51a5615971d403d0e7c8bb81e1d0d1baa9577d2cde581cac2cf84144d7ac1"
"source_snapshot/reports/trajectory_diversity_20260922/test_selection.py","2308","a64186a0af2c179aba4a694783ea0ffde29331c116b025ba70d63d3da7ea0f72"
"source_snapshot/reports/trajectory_diversity_20260922/test_withheld_design.py","1120","afd9b02ac00beb0f5f5bddd775d10beeb7c483be774a34029be7ceaa77cbb4ef"
"source_snapshot/reports/trajectory_diversity_20260922/trajectory_diversity_audit.receipt.json","386","6b0e4a052f84839ef95065faf9f8b857d7c8c0f8bd4d24fc27d95dea008b91e5"
"source_snapshot/reports/trajectory_diversity_20260922/verify_new_artifacts.py","2628","89ea097ca14a529ae75d6d9b1943ea151ec60b9368ef4e840676c8ab93d5f03e"
"source_snapshot/reports/trajectory_diversity_20260922/withheld_design.py","3463","9c9312a3b9619c4a5c40e462d0fe5e48904f6cec2330f33df0e38d3ba7abb553"
"source_snapshot/reports/trajectory_diversity_20260922/WITHHELD_PAIR_SETS.json","8902","7f1b94c604010edcc8c8e2e757f84ff5caad28edcca7f795d43ca56fc1a8620a"
"source_snapshot/reports/trajectory_diversity_20260922/WITHHELD_PAIRS_PROTOCOL.md","4929","8781babdb981dd8311113e8dd1345b26c3f278d3591c3879967903cc49d56d41"
"source_snapshot/reports/verifier_bottleneck_work_report_2026_09_22_24_ru.docx","151346","bdd4512ce7c750258bc325bacd6f0a825636e00fc27bcd0e2a59745ab49ec542"
"source_snapshot/reports/withheld_pairs_20260923/AMENDMENT_20260923.md","2871","ba89ed7a31f746349d72e04384530f4841ba3153e5b7b20b88741c3dd3eb4c34"
"source_snapshot/reports/withheld_pairs_20260923/analyze_first.py","18703","2fb98ab4312bd614749389ce1f77b8f61b025d6ca08644c28b566699fcd0705f"
"source_snapshot/reports/withheld_pairs_20260923/analyze_set.py","6647","61d248e049ec68fc6c5f5a089b3537df78c9cbeb79e62602ff0265a8e9ab39b5"
"source_snapshot/reports/withheld_pairs_20260923/build_run_index.py","10739","df96357be4ec3ad944b2bfe7c0bcbddb4479bd2708caca363490672d62f3fc94"
"source_snapshot/reports/withheld_pairs_20260923/bundle_first.py","9116","f2368ec6c16015301b7fd4e68becc2f454a91b3a5ada86399d54b7d2a61416c5"
"source_snapshot/reports/withheld_pairs_20260923/bundle_set.py","9853","ab2d8098af7fbe001a022ba17306597122027dad7a18269c5061677459e6c4f2"
"source_snapshot/reports/withheld_pairs_20260923/data/first_block/analysis_summary.json","748","409ff6c5d4cec69ab48169f93324789cf07d9d8177c87b0b8a3725bffe7c9896"
"source_snapshot/reports/withheld_pairs_20260923/data/first_block/atomic_forgetting.csv","2568","8fb99b23b3df6a47edfea3b1d8cfa3caaf5b11d01a1e1881de846550fdba3675"
"source_snapshot/reports/withheld_pairs_20260923/data/first_block/first_block_audit_v2.zip.sha256","92","806defcc6c513fe1a400ffc967316656ad51b6c010ca4fe0aa629db2b00120cf"
"source_snapshot/reports/withheld_pairs_20260923/data/first_block/hit_k_first_block.png","194174","2ab15b1a7278d47cc2ee570b225d4393dce627c3e4f1b5fee2491704a267ff1f"
"source_snapshot/reports/withheld_pairs_20260923/data/first_block/hit_k_first_block.svg","82101","8cf0d81a35d5ee61a2c1407f06c6699aa105023fa88ec97a8f7b5446f1f11a8c"
"source_snapshot/reports/withheld_pairs_20260923/data/first_block/hit_k.csv","48636","2e6fa2e944fbdb17e75eac456097b48f2fdb50b7d7e60f959827dbd65d92a937"
"source_snapshot/reports/withheld_pairs_20260923/data/first_block/seed_metrics.csv","632","4b9411ad7f0371a885fe4aa99c72644133f25a3cfda97af68bd2af32ee8d99f4"
"source_snapshot/reports/withheld_pairs_20260923/data/first_block/selection_integrity.csv","306","269940ed6d27d8f6073354fc244b4486d80091532053f60a519963f71099d1ea"
"source_snapshot/reports/withheld_pairs_20260923/data/k1_s2/analysis_summary.json","851","aa3358e3ec7d4bcbf0e7ec6b7f0eb66df5ca5c7f64a9b6ea483c94392daae452"
"source_snapshot/reports/withheld_pairs_20260923/data/k1_s2/atomic_forgetting.csv","2497","a901d6fb00236f56e18ad351a4873dd63f84242aa177769ef47bcf2d4ebf24fb"
"source_snapshot/reports/withheld_pairs_20260923/data/k1_s2/hit_k.csv","48502","f41446873e9b3412a0d967c0d2dea4b1d566934fbfc063f2c0c30d2671955155"
"source_snapshot/reports/withheld_pairs_20260923/data/k1_s2/k1_s2_audit.zip.sha256","82","1421f59500e0aeb98a1eb6a6360e1aa6202b7c8d6f8df4bca01e9cae102be6a4"
"source_snapshot/reports/withheld_pairs_20260923/data/k1_s2/seed_metrics.csv","633","7a8c6a061a3b4a8cb24047ad62c193a118f7b2373549f600043c14e6164ca8d9"
"source_snapshot/reports/withheld_pairs_20260923/data/k1_s2/selection_integrity.csv","307","5a27e6323ff2b38d24aee739ee027c8640e52752b85fa3027447ba338003a295"
"source_snapshot/reports/withheld_pairs_20260923/data/k1_s3/analysis_summary.json","882","c4ee5304adb69a56ad392efbbfaa984e3c68e857d9dfb48f78cb958ce44a7f7e"
"source_snapshot/reports/withheld_pairs_20260923/data/k1_s3/atomic_forgetting.csv","2514","9668f89991116d43e634d95ea133ecfc7f24968012bb0b64143ffe518e5ffae6"
"source_snapshot/reports/withheld_pairs_20260923/data/k1_s3/hit_k.csv","48620","109eb5f220c54eca586f137dd05d90e3f8cbfcae411255767a813cf34cedab43"
"source_snapshot/reports/withheld_pairs_20260923/data/k1_s3/k1_s3_audit.zip.sha256","82","461a8b6eb66a4489e144b849616d44d34bfbfa69c64e471b0067df6ea749e5c5"
"source_snapshot/reports/withheld_pairs_20260923/data/k1_s3/seed_metrics.csv","633","225ed48939b53b6840c724a7515340d06dcdca9973d2757f1b4b99e00bf5b5c8"
"source_snapshot/reports/withheld_pairs_20260923/data/k1_s3/selection_integrity.csv","307","936332e0c672a3ab93d0e8e30df43645888ce2a23f7f884fa5f979bf640fa195"
"source_snapshot/reports/withheld_pairs_20260923/data/k1_s4/analysis_summary.json","884","2d336f491881623ef3d853705a7152160219cf5e072bc89f488be3301f013a29"
"source_snapshot/reports/withheld_pairs_20260923/data/k1_s4/atomic_forgetting.csv","2438","ed5ee6772ea4d9d869e9a67f212ee928985ff5620875faea2fc53825102a7604"
"source_snapshot/reports/withheld_pairs_20260923/data/k1_s4/hit_k.csv","48665","4dc6a672badefa1f6c36ec193ec03f39b27747792dc7d44dc839d8185d27d076"
"source_snapshot/reports/withheld_pairs_20260923/data/k1_s4/k1_s4_audit.zip.sha256","82","ab24e3b7d71be6f9e2a714853cb131bcdcf6d8e90d3b7394523ca7fc1b68b65b"
"source_snapshot/reports/withheld_pairs_20260923/data/k1_s4/seed_metrics.csv","628","a3c870427240827dd23ecc4a9f5fea7910661c7e3e073a31995e2dc6f465adb8"
"source_snapshot/reports/withheld_pairs_20260923/data/k1_s4/selection_integrity.csv","307","eb490f90e48d5a0f905d8ab41fa66bed196a2c2023a875cf38474a5b073856c4"
"source_snapshot/reports/withheld_pairs_20260923/data/k1_s5/analysis_summary.json","840","74c90cb6dd01d5622528b9539c833281a0340863f7d6a254c9833b12063b4c34"
"source_snapshot/reports/withheld_pairs_20260923/data/k1_s5/atomic_forgetting.csv","2514","d3d4ff095c0d78a5b2373be542626464545f210e70fdce63cddcc5f1bfbb93ca"
"source_snapshot/reports/withheld_pairs_20260923/data/k1_s5/hit_k.csv","48610","af37e6b4ed0a920ad0edc0239562e27aa792c97085a4aceff893ce09ac7ca08d"
"source_snapshot/reports/withheld_pairs_20260923/data/k1_s5/k1_s5_audit.zip.sha256","82","c7aa9b600348837bc16f65dc05cc5778334aee47921e183ff81d737869d330e3"
"source_snapshot/reports/withheld_pairs_20260923/data/k1_s5/seed_metrics.csv","633","5794a6f11607657682cf3da22bea6f6b609926f974ddfcb17d0efcbccda718ea"
"source_snapshot/reports/withheld_pairs_20260923/data/k1_s5/selection_integrity.csv","307","2a34cfa11419ce248a9353695bd4ef2761ec794475d7375521bcc80ce86d9cf0"
"source_snapshot/reports/withheld_pairs_20260923/data/k2_s1/analysis_summary.json","874","c45a70ae24b1ce44151fde6154d9d4e92cdee6f3f966b2db006f15576e6bf16c"
"source_snapshot/reports/withheld_pairs_20260923/data/k2_s1/atomic_forgetting.csv","2576","51fc31c5850c593ee4595a8c3f56a985436a09770d6038b0c9ca4bc1fc9e2bfb"
"source_snapshot/reports/withheld_pairs_20260923/data/k2_s1/hit_k.csv","48659","3a87b7efe4d9a2680df137cace572d3f8ceb9695595d2c9beb5f006aac1570b1"
"source_snapshot/reports/withheld_pairs_20260923/data/k2_s1/k2_s1_audit.zip.sha256","82","6cb461f4c53229feb9a72f081fbedd8b9779c744db164e5a06e29b486c5893e4"
"source_snapshot/reports/withheld_pairs_20260923/data/k2_s1/seed_metrics.csv","631","2761e71bd17a584e22ee200e8a6cd876884632340eb7f1ba9396bbde017bc1a9"
"source_snapshot/reports/withheld_pairs_20260923/data/k2_s1/selection_integrity.csv","310","96efa8bb6a61b05dfe1cb946d3baddb92afb478be254ee548a8bdd8f72a3c8e6"
"source_snapshot/reports/withheld_pairs_20260923/data/k2_s2/analysis_summary.json","880","5b4ecea413576920027dfa15dbb66f7ebe756b791b7af1707e1c154389635389"
"source_snapshot/reports/withheld_pairs_20260923/data/k2_s2/atomic_forgetting.csv","2501","d675bb9c1f7ca69d54f1a4cfaf5078b1edd8ba18730547afe02058c2567511ab"
"source_snapshot/reports/withheld_pairs_20260923/data/k2_s2/hit_k.csv","48622","ca38b017cb10fb33d20d7fc79a5fc447199fb8698338703223360ddffb48222e"
"source_snapshot/reports/withheld_pairs_20260923/data/k2_s2/k2_s2_audit.zip.sha256","82","a14c4cb4bf40b9607a53c45770f534b87354c1b2f54a93562bca91551737492e"
"source_snapshot/reports/withheld_pairs_20260923/data/k2_s2/seed_metrics.csv","632","3bf27c5360cb4692f343e777fa3affaf3958d4d2f7e52f4cc04122f56e68acaf"
"source_snapshot/reports/withheld_pairs_20260923/data/k2_s2/selection_integrity.csv","310","e080c1280d6e20407f1ba26d20f34a3b57061da82e307ab5bf1caacb69a0d706"
"source_snapshot/reports/withheld_pairs_20260923/data/k2_s3/analysis_summary.json","857","5e1eef9d4ef73aa4daf3ae818431e413a05214707cee636099306cdcde54c0b1"
"source_snapshot/reports/withheld_pairs_20260923/data/k2_s3/atomic_forgetting.csv","2556","63ef602b4d88a99888dd268088ece141df654deb841925123e46a2b09022a5e8"
"source_snapshot/reports/withheld_pairs_20260923/data/k2_s3/hit_k.csv","48580","d4acab2834cbcd7702639ef9d8ebe2dd61dd13c4f19f94079197be44b9e2c861"
"source_snapshot/reports/withheld_pairs_20260923/data/k2_s3/k2_s3_audit.zip.sha256","82","1a7a98ef77e9b979bc9c22dd63f43650027954a9afc2034051aa1fb312f580c3"
"source_snapshot/reports/withheld_pairs_20260923/data/k2_s3/seed_metrics.csv","629","15dc90816d1e0762794066aea3ef45b7b6eeadecd3d30441d624900148b10d80"
"source_snapshot/reports/withheld_pairs_20260923/data/k2_s3/selection_integrity.csv","310","a0448199cb85c977c62091b6321ee87fa92bac19ec3a517c3fcb78facbc76efc"
"source_snapshot/reports/withheld_pairs_20260923/data/k2_s4/analysis_summary.json","882","2a48c3f4cec71fdcad6d6f6556a932f1df93f403acdf88398a01a61d33c3ffef"
"source_snapshot/reports/withheld_pairs_20260923/data/k2_s4/atomic_forgetting.csv","2565","36c1350d3922a10692c4c7e7a9fadc5676bae8963f2c52988a6cfb6917a06f55"
"source_snapshot/reports/withheld_pairs_20260923/data/k2_s4/hit_k.csv","48389","05213347c6d41033aa316af3ea3c6cfd04cc12af73cac7e7683760c98603ceeb"
"source_snapshot/reports/withheld_pairs_20260923/data/k2_s4/k2_s4_audit.zip.sha256","82","1f6340c11d404d4304884ee4fbab0dfe45418b7312f06a1f0d2aba444749338b"
"source_snapshot/reports/withheld_pairs_20260923/data/k2_s4/seed_metrics.csv","635","5027b2278078aaa0f55e4e16ce67c849e80b3c98dd74ed6e62031af470dc4a45"
"source_snapshot/reports/withheld_pairs_20260923/data/k2_s4/selection_integrity.csv","310","a0e1a53d566540337bfb13872b91e98a1377cdda69e40768bf73837f61c8265a"
"source_snapshot/reports/withheld_pairs_20260923/data/k2_s5/analysis_summary.json","880","983c5d1fbabae388dbcb25bcefaa6b88845907f4ed3678a5d620a64fdd18f2d5"
"source_snapshot/reports/withheld_pairs_20260923/data/k2_s5/atomic_forgetting.csv","2523","b9a84f7adac72fbe17b299afa28062913b26ea0060db1c897da9fa472c9156c8"
"source_snapshot/reports/withheld_pairs_20260923/data/k2_s5/hit_k.csv","48636","bc3e9dfaa51ca7c011489c5921ea54a4b1685d4fe2e2c469e76c2295f8cb5bc2"
"source_snapshot/reports/withheld_pairs_20260923/data/k2_s5/k2_s5_audit.zip.sha256","82","b70ddb3e7ded24e1eb725881df2b065952fcc063db2501b9e7e74e9e3f137c30"
"source_snapshot/reports/withheld_pairs_20260923/data/k2_s5/seed_metrics.csv","630","2971364d02169e8d4a41fca1e910a65a720d6c3fe7f4a17e8aa987a7494c09d7"
"source_snapshot/reports/withheld_pairs_20260923/data/k2_s5/selection_integrity.csv","309","e39d6a5fd60fd814b1c74dd22e1c553c0240ad7b31686a3b71c01bdd18298776"
"source_snapshot/reports/withheld_pairs_20260923/data/k3_s1/analysis_summary.json","882","6ff8c3429ecb37538b2bc26acfbd2b23205ab22d02c48ae71f8f4ba4c07e2940"
"source_snapshot/reports/withheld_pairs_20260923/data/k3_s1/atomic_forgetting.csv","2523","9414787e5d2f9a6f2066cf749fa57e42b28389756a268fa59a93837203119b39"
"source_snapshot/reports/withheld_pairs_20260923/data/k3_s1/hit_k.csv","48582","37db89ecb8d13709d76e829df54404c0175e91ca1da1d928b1bdce5930f58386"
"source_snapshot/reports/withheld_pairs_20260923/data/k3_s1/k3_s1_audit.zip.sha256","82","c111c17ae1724d938f00e66aa5e63efda96ce4c497d963c0d06f3f046f4d3464"
"source_snapshot/reports/withheld_pairs_20260923/data/k3_s1/seed_metrics.csv","632","e191bd4e7265b97b966412112842a4487527affe92e5e0d437e9041679fc2748"
"source_snapshot/reports/withheld_pairs_20260923/data/k3_s1/selection_integrity.csv","310","b1b04f9fff5170f1fac75a76d41b71617819be966be79c1eeff44ac92780e6f0"
"source_snapshot/reports/withheld_pairs_20260923/data/k3_s2/analysis_summary.json","879","dd20250787832754229cd46716bacf3f5b25ab671e6e16071a1f0927212d9b36"
"source_snapshot/reports/withheld_pairs_20260923/data/k3_s2/atomic_forgetting.csv","2524","3d075d61d31949d4a2832b573d33ec8ad0cdd2379c0f03885ff69a0175d99e18"
"source_snapshot/reports/withheld_pairs_20260923/data/k3_s2/hit_k.csv","48572","7b3d1717233bc8469f50d1a5d651bb2cd46bc01f5124abe4342e0fbc0e82e69b"
"source_snapshot/reports/withheld_pairs_20260923/data/k3_s2/k3_s2_audit.zip.sha256","82","23006a45ce0472bc9a56595ce274744a3c357aaa65c5a30af4f8336591297676"
"source_snapshot/reports/withheld_pairs_20260923/data/k3_s2/seed_metrics.csv","633","37846d57bf855f234063fa3f190b71903a19458187308170bf8a7fa001d683ce"
"source_snapshot/reports/withheld_pairs_20260923/data/k3_s2/selection_integrity.csv","310","fb1091c95baea241e61a9f4ec6d8a67ebe6ac855f5d1488d83d49ed2ccb72c09"
"source_snapshot/reports/withheld_pairs_20260923/data/k3_s3/analysis_summary.json","878","fa7860910e59b6556f3512c4dafccc52818783958cc5a559700ff57cead96440"
"source_snapshot/reports/withheld_pairs_20260923/data/k3_s3/atomic_forgetting.csv","2512","6aa834ca69b96acf4d377c9f42b7d8c11575a8b3db01dccd28971f0aa1b31071"
"source_snapshot/reports/withheld_pairs_20260923/data/k3_s3/hit_k.csv","48605","0df6aa2e937b56503a17a1b7a205c2cdd0f9a967effa71a5e7df5f136602d02a"
"source_snapshot/reports/withheld_pairs_20260923/data/k3_s3/k3_s3_audit.zip.sha256","82","72888ceb9529a057eec36b844a1f05a325291b494d5db15884cd754e617cc797"
"source_snapshot/reports/withheld_pairs_20260923/data/k3_s3/seed_metrics.csv","632","6add5f222251c5a8d461998bb6576cb13c1e044ff7fb017c67d46f0dfd7b2a67"
"source_snapshot/reports/withheld_pairs_20260923/data/k3_s3/selection_integrity.csv","310","7759c224d2069a8289abf7e664036e09eabd19ea2efa287d9b8cedd9e44b08a6"
"source_snapshot/reports/withheld_pairs_20260923/data/run_index.csv","8215","9a2926fa44e6bb1b10201d037ef873c9cdaf2c489e195fdb7429822afe5ac196"
"source_snapshot/reports/withheld_pairs_20260923/design.py","4885","fcc2c78c5241100bf749e290a8bc546af61ad84766c1ce54d23f6f89bd1ea928"
"source_snapshot/reports/withheld_pairs_20260923/fp16_training.py","9798","f2b1fbf202741acb64ad06f785824d3866777db8438a4b1b00ebe01dacd7b45e"
"source_snapshot/reports/withheld_pairs_20260923/holdout.py","3373","bda49661a9443b05509d4188dfe7f4244dfd498dce55d8b51c2d4f9dd438ebf3"
"source_snapshot/reports/withheld_pairs_20260923/plot_first.py","2713","e50dcd8930af5fdafc70f6cafa96c48a501884b1dc511fad2ec654b527b7c0eb"
"source_snapshot/reports/withheld_pairs_20260923/prepare.py","7216","24f129dded4dd3b917a6c0f738c4fb018f47d23f3f95b8b7a98084413038e6ec"
"source_snapshot/reports/withheld_pairs_20260923/PROTOCOL.md","4475","a0d58deeef23513cd3c6226346b8a090d41ea99506bc79a4124a07770884764a"
"source_snapshot/reports/withheld_pairs_20260923/queue_first.py","9009","1b8578646c5533f66c572fea60550092d31bcbe31d54844a4ebc8adf525d5571"
"source_snapshot/reports/withheld_pairs_20260923/queue_next.py","13668","f6f15b67bf269df8b2b9acabe96bda02b7fb887f3a4a60b7af32ae069b7172e0"
"source_snapshot/reports/withheld_pairs_20260923/REPORT.md","15708","3629864386f8555559fe1d9571829fbe32852e2f4fb95de87bd0823c7a776d20"
"source_snapshot/reports/withheld_pairs_20260923/run_amended.py","3132","986e8a2d218b550dca4926ad973b029204240a85bca0e324f892b9c136777c9b"
"source_snapshot/reports/withheld_pairs_20260923/run_first.py","14106","9e12a0c9a7b83e5833bb4a77fd2361554ff18716abd6ffb3b6bbc7ceb8efc49e"
"source_snapshot/reports/withheld_pairs_20260923/test_analyze_first.py","3755","afb5267db7e9650bf5f80623be8b69027ca403fd8073c344028f6113073ec61d"
"source_snapshot/reports/withheld_pairs_20260923/test_analyze_set.py","792","61ce4886f479f3e82e338f690693c694815b9d44ee1bdc8b441f0fc5051614db"
"source_snapshot/reports/withheld_pairs_20260923/test_build_run_index.py","8109","788cf7d4607d530b7e77f5ca6692dc1a0f823a526042c9e04aefef268b88fff1"
"source_snapshot/reports/withheld_pairs_20260923/test_bundle_first.py","4681","d0488b5be231caef201f3fc3cfa4f094f11b902b4872acc78d5fbb986f5a9509"
"source_snapshot/reports/withheld_pairs_20260923/test_bundle_set.py","5315","692139c7c0b6e24bb10364185115e98c740339022e959738486b2877a0a29556"
"source_snapshot/reports/withheld_pairs_20260923/test_design.py","2418","03178b31fb82c26e619527e450a320e2521f1181a287331ac24a6b510d04dd48"
"source_snapshot/reports/withheld_pairs_20260923/test_fp16_training.py","1096","b3116b9d374328adfa2b59ff9b6dfcae9639616b785caa523332599238321995"
"source_snapshot/reports/withheld_pairs_20260923/test_holdout.py","2556","34781e25201264c85ad4864d61968715716e9a4a9e4624012dfa7271ccb6f53d"
"source_snapshot/reports/withheld_pairs_20260923/test_plot_first.py","686","e8c37a4ac685c33c7ee76f297d7671c6f9b00e32a584880fea5dc7d37bc4acdd"
"source_snapshot/reports/withheld_pairs_20260923/test_prepare.py","1003","d22d958f37075166efd36409abb41f2d19c694a9db7a6a61a7117fc64460ed4b"
"source_snapshot/reports/withheld_pairs_20260923/test_queue_first.py","1467","2e17f28c0f0643be687f041f43ca3db11e776dcd5bdff23b2afd7b2d0ba89bd2"
"source_snapshot/reports/withheld_pairs_20260923/test_queue_next.py","5247","6a7c61a8f8adb704c93c60d79917ad392e2e9e4c19d17a8657aceb30415c8f6e"
"source_snapshot/reports/withheld_pairs_20260923/test_run_amended.py","886","d62d82a11485e26e111d01359ed1b885eb13238023ab390bf80337aeef852324"
"source_snapshot/reports/withheld_pairs_20260923/test_run_first.py","1329","935401fffd74477eb32e2becaf2b3a51acdfbfa22ac7f9e29436c0b37d38b1d6"
"source_snapshot/reports/withheld_pairs_20260923/test_verify.py","1418","7d589ef58009be3ddd5d014080b98d3eb7c378d95d95c6e158a30e0252f987fc"
"source_snapshot/reports/withheld_pairs_20260923/verify.py","2024","c2f18cbb5118c6e4c83387fd2401ffceb6872d9273cc52bd85937436c134dd06"
"source_snapshot/scripts/train_action_grpo.py","9928","c11715035a3bc3a11271179e8b132abaaf08639b53ab00f4508228bacd5e2215"
"source_snapshot/src/vbexp/__init__.py","79","a271b8cf5317de8aa00e0443355228f94740403d0e6b2e711f56ac4ffe0a8afe"
"source_snapshot/src/vbexp/action_protocol.py","606","4ff17b30bdb80e625b4492830f5c135f1678fa0003ed14dcf2ca44af6a9e0baa"
"source_snapshot/src/vbexp/cli.py","2844","38695d4b5b75d7e502eca6ccb5458ca8f9dd1a880b05138bb4f6fb48df8afab5"
"source_snapshot/src/vbexp/experiment.py","6888","5f450a24851446dca1d1032f518187f9041b087277a3d5c91d0559c8f048f1d5"
"source_snapshot/src/vbexp/generator.py","3699","3252d0f270c19773c48246bf1db8b212e585a6d2ecae0205e92c0dea58313031"
"source_snapshot/src/vbexp/io.py","720","098fe028ed5d175f559f88f7a56302684cfc143976e63ff6f854c3f7b4a5a65d"
"source_snapshot/src/vbexp/metrics.py","878","7873384195a9000d01ce6ad404b42ad1077822bb376f121edd5dba993406d0aa"
"source_snapshot/src/vbexp/modeling.py","4053","80a477f76ba267d796f503ff362e2782ddfd9c1289fd3735dfa525f1f04e7378"
"source_snapshot/src/vbexp/polynomial.py","2799","c96bb2df709aa64ea2a32895053f5876636fc1ff7d0349652b58085e2437718e"
"source_snapshot/src/vbexp/prompts.py","1216","a4ad429a59d08075e658504025c36eb2407084d3033137b67fed9b7f863f6914"
"source_snapshot/src/vbexp/search.py","1456","22b48677c00322b014b1d4f6461e241194f6f33ae480d7780797b3c3749265bf"
"source_snapshot/src/vbexp/task.py","1098","6067d1cbf193e021275578e34c88c19e745fbbf4842e6187fb1eaea73bb84f82"
"source_snapshot/src/vbexp/verifier.py","2474","b7f84164cd322f4ee14ec75c264ca52958b5e6cc3f0add905a74f3c6e8e3b2ae"
